Measurement Mode:,Custom Modes - Custom Mode 4
number,time,wol,xol,yol,zol,wor,xor,yor,zor,wb,xb,yb,zb,accx,accy,accz,deg,angle_left,angle_right,err_deg_oar_left_x,err_deg_oar_right_x,err_deg_boat_x,err_deg_oar_left_y,err_deg_oar_right_y,err_deg_boat_y,err_deg_oar_left_z,err_deg_oar_right_z,err_deg_boat_z,latitude,longitude,speed,SPM,SPLIT
966,2025-01-17 17:09:29.289997,0.94125813,-0.11665826,0.18962452,0.2539651,-0.87368965,-0.039472062,0.1913526,-0.44552332,0.998978,-0.0040441127,-0.022929601,0.039529473,-4.399968074693592,-0.7236193534273441,10.463652954242779,4.544925346789424,11,32,-19.64762836720025,14.556613707402931,0.7503658953161981,159.5111288931663,-161.61964256189688,-178.80122179611803,25.858410004839303,66.92499055534522,9.695802622664234,35.49112882013449,133.01627327471925,3.0439174662771324,31.578315802105013,148.810766767436
967,2025-01-17 17:09:29.306664,0.9368119,-0.11917537,0.18617655,0.2712024,-0.88136905,-0.03688333,0.19179995,-0.43016198,0.99898064,-0.003868212,-0.022829412,0.03954044,-4.062184205554524,-0.6336494766215881,9.733083827746722,4.545649954368871,13,30,-19.64762836720025,14.556613707402931,0.7503658953161981,159.5111288931663,-161.61964256189688,-178.80122179611803,25.858410004839303,66.92499055534522,9.695802622664234,35.49112882013449,133.01627327471925,3.0439174662771324,31.578315802105013,148.810766767436
968,2025-01-17 17:09:29.323331,0.9319892,-0.12143141,0.18311524,0.28835934,-0.88882375,-0.034502327,0.19213516,-0.4145894,0.99898076,-0.0037133973,-0.022819232,0.039555788,-3.53907898745076,-0.539974158775098,10.099279455827016,4.54700282862369,15,28,-19.64762836720025,14.556613707402931,0.7503658953161981,159.5111288931663,-161.61964256189688,-178.80122179611803,25.858410004839303,66.92499055534522,9.695802622664234,35.49112882013449,133.01627327471925,3.0439174662771324,31.578315802105013,148.810766767436
969,2025-01-17 17:09:29.339998,0.92689985,-0.12361027,0.17996734,0.30532017,-0.89628774,-0.031243723,0.19140624,-0.3988161,0.99898434,-0.0035787225,-0.022733077,0.039527893,-1.91260955133207,-0.5278173922421641,10.063206278812025,4.543390164728694,17,26,-19.64762836720025,14.556613707402931,0.7503658953161981,159.5111288931663,-161.61964256189688,-178.80122179611803,25.858410004839303,66.92499055534522,9.695802622664234,35.49112882013449,133.01627327471925,3.0439174662771324,31.578315802105013,148.810766767436
970,2025-01-17 17:09:29.356665,0.921573,-0.12555498,0.17673041,0.32208246,-0.9032373,-0.028436877,0.1914799,-0.3829983,0.9989875,-0.0032500522,-0.02273081,0.039476782,0.427965097820826,-0.549734962497168,9.826170252495425,4.536673816054083,19,24,-19.64762836720025,14.556613707402931,0.7503658953161981,159.5111288931663,-161.61964256189688,-178.80122179611803,25.858410004839303,66.92499055534522,9.695802622664234,35.49112882013449,133.01627327471925,3.0439174662771324,31.578315802105013,148.810766767436
971,2025-01-17 17:09:29.373332,0.91590923,-0.12756996,0.17386231,0.3385848,-0.9101077,-0.025590679,0.19098568,-0.36684114,0.99899435,-0.002832842,-0.022549085,0.039440155,1.997288953680312,-0.5302922943997019,10.01582949269763,4.5312767787008665,21,22,-19.64762836720025,14.556613707402931,0.7503658953161981,159.5111288931663,-161.61964256189688,-178.80122179611803,25.858410004839303,66.92499055534522,9.695802622664234,35.49112882013449,133.01627327471925,3.0439174662771324,31.578315802105013,148.810766767436
972,2025-01-17 17:09:29.389999,0.909973,-0.12950274,0.17112286,0.35486174,-0.9165438,-0.022491945,0.19091105,-0.3507039,0.9990001,-0.0025533373,-0.022402015,0.039399713,2.189469065846412,-0.525400858807872,9.962871284809705,4.5258299976607494,23,20,-19.64762836720025,14.556613707402931,0.7503658953161981,159.5111288931663,-161.61964256189688,-178.80122179611803,25.858410004839303,66.92499055534522,9.695802622664234,35.49112882013449,133.01627327471925,3.0439174662771324,31.578315802105013,148.810766767436
973,2025-01-17 17:09:29.406666,0.90373427,-0.13153669,0.16885085,0.37078786,-0.92259705,-0.019798527,0.19118904,-0.33446717,0.9990086,-0.0022875778,-0.022175549,0.03932643,1.629196685211864,0.174320196283302,10.047832918603357,4.516614747613297,25,18,-19.64762836720025,14.556613707402931,0.7503658953161981,159.5111288931663,-161.61964256189688,-178.80122179611803,25.858410004839303,66.92499055534522,9.695802622664234,35.49112882013449,133.01627327471925,3.0439174662771324,31.578315802105013,148.810766767436
974,2025-01-17 17:09:29.423333,0.8971407,-0.13370395,0.16731493,0.38639265,-0.92827374,-0.016922876,0.19144063,-0.3183878,0.99902076,-0.0021001687,-0.02188352,0.039189905,1.405014621241452,0.296420583073644,10.200766272191304,4.500317010886681,27,16,-19.64762836720025,14.556613707402931,0.7503658953161981,159.5111288931663,-161.61964256189688,-178.80122179611803,25.858410004839303,66.92499055534522,9.695802622664234,35.49112882013449,133.01627327471925,3.0439174662771324,31.578315802105013,148.810766767436
975,2025-01-17 17:09:29.440000,0.8898448,-0.13698578,0.16815777,0.4014544,-0.93303376,-0.015138101,0.19479424,-0.30211338,0.99903095,-0.0019438444,-0.021661386,0.03906417,0.8039483153121779,-0.39239579682771,10.155726860438833,4.4853832921993515,29,14,-19.64762836720025,14.556613707402931,0.7503658953161981,159.5111288931663,-161.61964256189688,-178.80122179611803,25.858410004839303,66.92499055534522,9.695802622664234,35.49112882013449,133.01627327471925,3.0439174662771324,31.578315802105013,148.810766767436
976,2025-01-17 17:09:29.456667,0.8815174,-0.14236243,0.17327966,0.4155305,-0.93546355,-0.015668843,0.2074458,-0.28570503,0.9990413,-0.0019566845,-0.021454297,0.038912088,0.518615640974082,-0.6241953420404039,10.029473143172725,4.467856735887244,31,12,-19.64762836720025,14.556613707402931,0.7503658953161981,159.5111288931663,-161.61964256189688,-178.80122179611803,25.858410004839303,66.92499055534522,9.695802622664234,35.49112882013449,133.01627327471925,3.0439174662771324,31.578315802105013,148.810766767436
977,2025-01-17 17:09:29.473334,0.8714859,-0.15164393,0.18514454,0.4280998,-0.9343894,-0.019115867,0.23283869,-0.26895314,0.99905133,-0.0019917395,-0.021239111,0.03877023,0.47189540015239806,-0.137026789412976,10.136364426730909,4.451553492940039,33,10,-19.64762836720025,14.556613707402931,0.7503658953161981,159.5111288931663,-161.61964256189688,-178.80122179611803,25.858410004839303,66.92499055534522,9.695802622664234,35.49112882013449,133.01627327471925,3.0439174662771324,31.578315802105013,148.810766767436
978,2025-01-17 17:09:29.490001,0.8592274,-0.1653784,0.20433763,0.43892577,-0.9292962,-0.0243797,0.2689156,-0.2519864,0.9990624,-0.0020974446,-0.02109137,0.038558125,0.6493824070737061,-0.11285230487193,10.06623646981616,4.427393365130982,35,8,-19.64762836720025,14.556613707402931,0.7503658953161981,159.5111288931663,-161.61964256189688,-178.80122179611803,25.858410004839303,66.92499055534522,9.695802622664234,35.49112882013449,133.01627327471925,3.0439174662771324,31.578315802105013,148.810766767436
979,2025-01-17 17:09:29.506668,0.8435054,-0.18523063,0.2330341,0.44711834,-0.9192747,-0.030856125,0.314537,-0.23462102,0.9990741,-0.002235001,-0.020949233,0.038326144,0.795905784679908,-0.625153684566738,10.148467669770822,4.401028235467165,37,6,-19.64762836720025,14.556613707402931,0.7503658953161981,159.5111288931663,-161.61964256189688,-178.80122179611803,25.858410004839303,66.92499055534522,9.695802622664234,35.49112882013449,133.01627327471925,3.0439174662771324,31.578315802105013,148.810766767436
980,2025-01-17 17:09:29.523335,0.82215506,-0.21316737,0.27386454,0.4512763,-0.90205896,-0.038796738,0.37130567,-0.21659884,0.99908364,-0.002335852,-0.020926876,0.038083315,0.643596431630034,-0.9026727344661539,10.182268817897082,4.373392962627468,39,4,-19.64762836720025,14.556613707402931,0.7503658953161981,159.5111288931663,-161.61964256189688,-178.80122179611803,25.858410004839303,66.92499055534522,9.695802622664234,35.49112882013449,133.01627327471925,3.0439174662771324,31.578315802105013,148.810766767436
981,2025-01-17 17:09:29.540002,0.7934859,-0.24877995,0.3253453,0.4501897,-0.87455577,-0.04796085,0.44021317,-0.19764331,0.9990933,-0.0025035562,-0.020872694,0.037849158,0.7977704235655619,-0.390874382312142,10.297540400159141,4.346893792039837,41,2,-19.64762836720025,14.556613707402931,0.7503658953161981,159.5111288931663,-161.61964256189688,-178.80122179611803,25.858410004839303,66.92499055534522,9.695802622664234,35.49112882013449,133.01627327471925,3.0439174662771324,31.578315802105013,148.810766767436
982,2025-01-17 17:09:29.556669,0.7571484,-0.2895042,0.38257724,0.44337332,-0.8358243,-0.057084866,0.5162796,-0.17774482,0.9991024,-0.0026505198,-0.020866677,0.037600964,1.04356904736342,-0.031350404173893856,10.249113874468566,4.318760995741274,43,0,-19.64762836720025,14.556613707402931,0.7503658953161981,159.5111288931663,-161.61964256189688,-178.80122179611803,25.858410004839303,66.92499055534522,9.695802622664234,35.49112882013449,133.01627327471925,3.0439174662771324,31.578315802105013,148.810766767436
983,2025-01-17 17:09:29.573336,0.714393,-0.33185944,0.43978244,0.43143362,-0.78853273,-0.06458026,0.5909256,-0.15764189,0.99911153,-0.002755206,-0.020895926,0.037332147,1.16959977132066,0.045436618347744,10.003789858640742,4.288182324477975,45,-1,-19.64762836720025,14.556613707402931,0.7503658953161981,159.5111288931663,-161.61964256189688,-178.80122179611803,25.858410004839303,66.92499055534522,9.695802622664234,35.49112882013449,133.01627327471925,3.0439174662771324,31.578315802105013,148.810766767436
984,2025-01-17 17:09:29.590003,0.6677395,-0.37294856,0.49239042,0.41547137,-0.7363619,-0.069502525,0.6586741,-0.13815859,0.99912214,-0.0028574318,-0.020916123,0.037029058,1.630728068041842,-0.28789733144046,9.5681055743154,4.253660513053626,47,-3,-19.64762836720025,14.556613707402931,0.7503658953161981,159.5111288931663,-161.61964256189688,-178.80122179611803,25.858410004839303,66.92499055534522,9.695802622664234,35.49112882013449,133.01627327471925,3.0439174662771324,31.578315802105013,148.810766767436
985,2025-01-17 17:09:29.606670,0.6188096,-0.41156965,0.5391726,0.3962442,-0.6820239,-0.07205972,0.71784645,-0.119774364,0.9991317,-0.003021297,-0.020970847,0.036724865,2.1441195768573897,-0.306729336854256,9.252667446068369,4.219181065065358,49,-4,-19.64762836720025,14.556613707402931,0.7503658953161981,159.5111288931663,-161.61964256189688,-178.80122179611803,25.858410004839303,66.92499055534522,9.695802622664234,35.49112882013449,133.01627327471925,3.0439174662771324,31.578315802105013,148.810766767436
986,2025-01-17 17:09:29.623337,0.5683499,-0.44744146,0.5803082,0.37423044,-0.6288175,-0.07234123,0.7672928,-0.10303117,0.9991423,-0.0032058763,-0.021012362,0.036395073,2.415198316603686,0.11125227761079,9.41354903858493,4.181807758772041,50,-6,-19.64762836720025,14.556613707402931,0.7503658953161981,159.5111288931663,-161.61964256189688,-178.80122179611803,25.858410004839303,66.92499055534522,9.695802622664234,35.49112882013449,133.01627327471925,3.0439174662771324,31.578315802105013,148.810766767436
987,2025-01-17 17:09:29.640004,0.5151988,-0.48168376,0.6174026,0.34842026,-0.58844113,-0.06994006,0.80055803,-0.08916704,0.9991531,-0.0034082597,-0.02105071,0.036055952,3.007453776001632,0.317724391344972,9.692457684307152,4.143406601457577,52,-7,-19.64762836720025,14.556613707402931,0.7503658953161981,159.5111288931663,-161.61964256189688,-178.80122179611803,25.858410004839303,66.92499055534522,9.695802622664234,35.49112882013449,133.01627327471925,3.0439174662771324,31.578315802105013,148.810766767436
988,2025-01-17 17:09:29.656671,0.47596002,-0.50544935,0.6393417,0.33054006,-0.5822928,-0.06357099,0.8064265,-0.08104697,0.9991631,-0.0037374832,-0.021116756,0.035704553,3.521375514975024,0.06188334959127,9.70383139048485,4.103921986434471,54,-8,-19.64762836720025,14.556613707402931,0.7503658953161981,159.5111288931663,-161.61964256189688,-178.80122179611803,25.858410004839303,66.92499055534522,9.695802622664234,35.49112882013449,133.01627327471925,3.0439174662771324,31.578315802105013,148.810766767436
989,2025-01-17 17:09:29.673338,0.47034118,-0.51247764,0.6358218,0.33452687,-0.59213036,-0.056378245,0.800353,-0.075079225,0.9991728,-0.004178586,-0.021181548,0.03534618,3.615537599848368,-0.10393560873419401,9.569259174763074,4.063909961788447,55,-9,-19.64762836720025,14.556613707402931,0.7503658953161981,159.5111288931663,-161.61964256189688,-178.80122179611803,25.858410004839303,66.92499055534522,9.695802622664234,35.49112882013449,133.01627327471925,3.0439174662771324,31.578315802105013,148.810766767436
990,2025-01-17 17:09:29.690005,0.47964814,-0.5103984,0.62247664,0.34926435,-0.59963757,-0.05016928,0.7956872,-0.06926948,0.99918246,-0.004654815,-0.02119814,0.03500524,4.04746597353468,0.204483999263262,9.531052722352213,4.025950871204229,56,-10,-19.64762836720025,14.556613707402931,0.7503658953161981,159.5111288931663,-161.61964256189688,-178.80122179611803,25.858410004839303,66.92499055534522,9.695802622664234,35.49112882013449,133.01627327471925,3.0439174662771324,31.578315802105013,148.810766767436
991,2025-01-17 17:09:29.706672,0.4934011,-0.5051138,0.6058339,0.36662304,-0.6082775,-0.043538623,0.78991544,-0.064303696,0.9991908,-0.0051725064,-0.021240838,0.0346632,5.112617675956956,0.36175736720724,9.655710201195095,3.987990012921893,57,-11,-19.64762836720025,14.556613707402931,0.7503658953161981,159.5111288931663,-161.61964256189688,-178.80122179611803,25.858410004839303,66.92499055534522,9.695802622664234,35.49112882013449,133.01627327471925,3.0439174662771324,31.578315802105013,148.810766767436
992,2025-01-17 17:09:29.723339,0.49751034,-0.50521,0.5968348,0.3755874,-0.6109562,-0.037727587,0.78853667,-0.059310645,0.99919885,-0.0057575027,-0.021289224,0.034307748,6.18540087130404,0.247079519859108,9.495669546088699,3.948661988261307,57,-12,-19.64762836720025,14.556613707402931,0.7503658953161981,159.5111288931663,-161.61964256189688,-178.80122179611803,25.858410004839303,66.92499055534522,9.695802622664234,35.49112882013449,133.01627327471925,3.0439174662771324,31.578315802105013,148.810766767436
993,2025-01-17 17:09:29.740006,0.49312824,-0.50974566,0.59563947,0.37713253,-0.6106905,-0.032674633,0.78930634,-0.05462244,0.99920493,-0.00644584,-0.021352725,0.033969134,6.237253785268476,0.148054293984966,9.173777826381972,3.9115360213633883,58,-13,-19.64762836720025,14.556613707402931,0.7503658953161981,159.5111288931663,-161.61964256189688,-178.80122179611803,25.858410004839303,66.92499055534522,9.695802622664234,35.49112882013449,133.01627327471925,3.0439174662771324,31.578315802105013,148.810766767436
994,2025-01-17 17:09:29.756673,0.49212566,-0.5126394,0.59266347,0.379203,-0.60851806,-0.02801475,0.7914075,-0.050925512,0.99920964,-0.0072164815,-0.021387644,0.03364879,5.241589814193648,0.253478221984824,8.84007644943141,3.876684355554207,59,-13,-19.64762836720025,14.556613707402931,0.7503658953161981,159.5111288931663,-161.61964256189688,-178.80122179611803,25.858410004839303,66.92499055534522,9.695802622664234,35.49112882013449,133.01627327471925,3.0439174662771324,31.578315802105013,148.810766767436
995,2025-01-17 17:09:29.773340,0.4927306,-0.514619,0.5896188,0.3804801,-0.60910666,-0.024105862,0.7912213,-0.04873625,0.9992127,-0.008095907,-0.021425622,0.0333322,4.302611847876048,0.043378322912202075,8.774146660221065,3.842534520950197,59,-14,-19.64762836720025,14.556613707402931,0.7503658953161981,159.5111288931663,-161.61964256189688,-178.80122179611803,25.858410004839303,66.92499055534522,9.695802622664234,35.49112882013449,133.01627327471925,3.0439174662771324,31.578315802105013,148.810766767436
996,2025-01-17 17:09:29.790007,0.49287122,-0.51654315,0.588346,0.3796597,-0.60959685,-0.019708037,0.7910352,-0.047594965,0.9992121,-0.009097412,-0.021490106,0.0330531,4.0862361476193065,-0.10481733241000199,9.022621871934097,3.8130205324161146,59,-14,-19.64762836720025,14.556613707402931,0.7503658953161981,159.5111288931663,-161.61964256189688,-178.80122179611803,25.858410004839303,66.92499055534522,9.695802622664234,35.49112882013449,133.01627327471925,3.0439174662771324,31.578315802105013,148.810766767436
997,2025-01-17 17:09:29.806674,0.4940042,-0.51822954,0.5873127,0.37748292,-0.60990995,-0.01620853,0.7908424,-0.04810427,0.9992118,-0.0100722825,-0.0214835,0.03278178,4.757277749402352,-0.02953633065959244,9.279308385654486,3.7842474700334896,59,-15,-19.64762836720025,14.556613707402931,0.7503658953161981,159.5111288931663,-161.61964256189688,-178.80122179611803,25.858410004839303,66.92499055534522,9.695802622664234,35.49112882013449,133.01627327471925,3.0439174662771324,31.578315802105013,148.810766767436
998,2025-01-17 17:09:29.823341,0.4957482,-0.51937413,0.5869332,0.3741998,-0.6100395,-0.013486259,0.79066956,-0.05010019,0.9992095,-0.011118349,-0.021439623,0.032543838,5.027037439195716,-0.06185300088165,9.41612300059854,3.759414658900179,59,-15,-19.64762836720025,14.556613707402931,0.7503658953161981,159.5111288931663,-161.61964256189688,-178.80122179611803,25.858410004839303,66.92499055534522,9.695802622664234,35.49112882013449,133.01627327471925,3.0439174662771324,31.578315802105013,148.810766767436
999,2025-01-17 17:09:29.840008,0.49855888,-0.5200627,0.58679914,0.3696919,-0.6096322,-0.011272229,0.79077166,-0.053852316,0.9992088,-0.012093755,-0.021263652,0.03232795,4.028223558818795,-0.211397768886042,9.419695062285282,3.7367147557656093,59,-15,-19.64762836720025,14.556613707402931,0.7503658953161981,159.5111288931663,-161.61964256189688,-178.80122179611803,25.858410004839303,66.92499055534522,9.695802622664234,35.49112882013449,133.01627327471925,3.0439174662771324,31.578315802105013,148.810766767436
1000,2025-01-17 17:09:29.856675,0.50239426,-0.5201712,0.58700794,0.36397123,-0.60889107,-0.010019474,0.7909811,-0.05914909,0.99920774,-0.012937264,-0.02107272,0.032154977,2.5251392057471342,-0.42711668285273996,9.243490625995223,3.7185587769089303,58,-14,-19.64762836720025,14.556613707402931,0.7503658953161981,159.5111288931663,-161.61964256189688,-178.80122179611803,25.858410004839303,66.92499055534522,9.695802622664234,35.49112882013449,133.01627327471925,3.0439174662771324,31.578315802105013,148.810766767436
1001,2025-01-17 17:09:29.873342,0.50731677,-0.519365,0.58757585,0.35731766,-0.60895115,-0.009396128,0.79039556,-0.0660581,0.9992068,-0.013636467,-0.02092844,0.032000184,2.2654122526098837,-0.217307176658436,8.94145618919862,3.702194410251878,58,-14,-19.64762836720025,14.556613707402931,0.7503658953161981,159.5111288931663,-161.61964256189688,-178.80122179611803,25.858410004839303,66.92499055534522,9.695802622664234,35.49112882013449,133.01627327471925,3.0439174662771324,31.578315802105013,148.810766767436
1002,2025-01-17 17:09:29.890009,0.5126773,-0.5179921,0.58920944,0.34886956,-0.6092075,-0.009811848,0.7894215,-0.07471403,0.9992057,-0.014244828,-0.020776017,0.03186384,2.59407571464669,-0.069924606874122,8.935577922632502,3.687697743090645,57,-13,-19.64762836720025,14.556613707402931,0.7503658953161981,159.5111288931663,-161.61964256189688,-178.80122179611803,25.858410004839303,66.92499055534522,9.695802622664234,35.49112882013449,133.01627327471925,3.0439174662771324,31.578315802105013,148.810766767436
1003,2025-01-17 17:09:29.906676,0.5170347,-0.5164863,0.5929741,0.33812767,-0.6059601,-0.012188643,0.790871,-0.08476885,0.99920523,-0.014802665,-0.020612566,0.031728268,2.255712547407792,-0.21531786173427,9.31260947206842,3.673129895155139,56,-12,-19.64762836720025,14.556613707402931,0.7503658953161981,159.5111288931663,-161.61964256189688,-178.80122179611803,25.858410004839303,66.92499055534522,9.695802622664234,35.49112882013449,133.01627327471925,3.0439174662771324,31.578315802105013,148.810766767436
1004,2025-01-17 17:09:29.923343,0.5210432,-0.5147787,0.5979441,0.3255936,-0.60244614,-0.015662841,0.7921802,-0.09624258,0.99920285,-0.015392265,-0.020467877,0.03161642,1.414459922522394,-0.45760693455237,9.812753821749851,3.661371692116633,55,-11,-19.64762836720025,14.556613707402931,0.7503658953161981,159.5111288931663,-161.61964256189688,-178.80122179611803,25.858410004839303,66.92499055534522,9.695802622664234,35.49112882013449,133.01627327471925,3.0439174662771324,31.578315802105013,148.810766767436
1005,2025-01-17 17:09:29.940010,0.52481157,-0.51269776,0.6035593,0.3121882,-0.59880394,-0.019765958,0.79321337,-0.10887694,0.9992,-0.015922796,-0.020334778,0.031533748,0.5407741274076181,-0.623382261496914,10.07959928062815,3.652829104636687,53,-10,-19.64762836720025,14.556613707402931,0.7503658953161981,159.5111288931663,-161.61964256189688,-178.80122179611803,25.858410004839303,66.92499055534522,9.695802622664234,35.49112882013449,133.01627327471925,3.0439174662771324,31.578315802105013,148.810766767436
1006,2025-01-17 17:09:29.956677,0.5316993,-0.50868905,0.60654765,0.30110264,-0.59639317,-0.024309121,0.79298306,-0.12206896,0.9991987,-0.016232813,-0.020232547,0.031478137,0.158839414738266,-1.230210509605476,10.036358823755801,3.646942015603751,52,-9,-19.64762836720025,14.556613707402931,0.7503658953161981,159.5111288931663,-161.61964256189688,-178.80122179611803,25.858410004839303,66.92499055534522,9.695802622664234,35.49112882013449,133.01627327471925,3.0439174662771324,31.578315802105013,148.810766767436
1007,2025-01-17 17:09:29.973344,0.53989524,-0.5042155,0.6078211,0.2913159,-0.5946813,-0.028745517,0.7919797,-0.13525732,0.9991925,-0.016928868,-0.020022007,0.03144312,0.443390818355982,-0.49665834069656406,10.139587402101066,3.6440414169471835,51,-7,-19.64762836720025,14.556613707402931,0.7503658953161981,159.5111288931663,-161.61964256189688,-178.80122179611803,25.858410004839303,66.92499055534522,9.695802622664234,35.49112882013449,133.01627327471925,3.0439174662771324,31.578315802105013,148.810766767436
1008,2025-01-17 17:09:29.990011,0.54654235,-0.50006646,0.6100866,0.28115967,-0.59211594,-0.03361342,0.7915256,-0.14749548,0.9991799,-0.017765967,-0.02002249,0.03138274,0.732584206970136,-0.47660063010907805,9.525117619411715,3.6389830941148325,49,-6,-19.64762836720025,14.556613707402931,0.7503658953161981,159.5111288931663,-161.61964256189688,-178.80122179611803,25.858410004839303,66.92499055534522,9.695802622664234,35.49112882013449,133.01627327471925,3.0439174662771324,31.578315802105013,148.810766767436
1009,2025-01-17 17:09:30.006678,0.5523091,-0.495839,0.61296785,0.27092507,-0.58938813,-0.038534194,0.79108405,-0.15912753,0.99917334,-0.01829607,-0.019945275,0.03133762,0.210056099007114,-0.39250629161166,10.013852031567126,3.6348099001790515,48,-5,-19.64762836720025,14.556613707402931,0.7503658953161981,159.5111288931663,-161.61964256189688,-178.80122179611803,25.858410004839303,66.92499055534522,9.695802622664234,35.49112882013449,133.01627327471925,3.0439174662771324,31.578315802105013,148.810766767436
1010,2025-01-17 17:09:30.023345,0.5566684,-0.49163374,0.6170208,0.26025638,-0.58621854,-0.043785088,0.7908183,-0.17039832,0.9991667,-0.018792996,-0.019903123,0.03127706,0.367693770579114,-0.844110357378594,9.892532667794582,3.628866361207333,47,-3,-19.64762836720025,14.556613707402931,0.7503658953161981,159.5111288931663,-161.61964256189688,-178.80122179611803,25.858410004839303,66.92499055534522,9.695802622664234,35.49112882013449,133.01627327471925,3.0439174662771324,31.578315802105013,148.810766767436
1011,2025-01-17 17:09:30.040012,0.5604053,-0.48688647,0.6217072,0.24979797,-0.5830974,-0.049937584,0.7903394,-0.18128972,0.9991609,-0.019230144,-0.019865254,0.031220257,0.525165849867258,-0.954708508510206,10.405876084146978,3.6232262944833993,45,-2,-19.64762836720025,14.556613707402931,0.7503658953161981,159.5111288931663,-161.61964256189688,-178.80122179611803,25.858410004839303,66.92499055534522,9.695802622664234,35.49112882013449,133.01627327471925,3.0439174662771324,31.578315802105013,148.810766767436
1012,2025-01-17 17:09:30.056679,0.56410414,-0.48141834,0.62656176,0.23973928,-0.5796217,-0.056919612,0.7899087,-0.1919423,0.999158,-0.019572435,-0.019766249,0.03116259,-0.354358047823362,-0.03098327409977404,10.862911423309038,3.617124135896556,44,-1,-19.64762836720025,14.556613707402931,0.7503658953161981,159.5111288931663,-161.61964256189688,-178.80122179611803,25.858410004839303,66.92499055534522,9.695802622664234,35.49112882013449,133.01627327471925,3.0439174662771324,31.578315802105013,148.810766767436
1013,2025-01-17 17:09:30.073346,0.5678796,-0.47523704,0.6315148,0.22996354,-0.57578963,-0.064630546,0.7895539,-0.20221864,0.99915254,-0.019826667,-0.019854678,0.031123042,-0.176546925513762,-0.334010650651116,10.540888325910505,3.6133653256833647,43,0,-19.64762836720025,14.556613707402931,0.7503658953161981,159.5111288931663,-161.61964256189688,-178.80122179611803,25.858410004839303,66.92499055534522,9.695802622664234,35.49112882013449,133.01627327471925,3.0439174662771324,31.578315802105013,148.810766767436
1014,2025-01-17 17:09:30.090013,0.57126623,-0.46861234,0.63688767,0.22014308,-0.57157695,-0.07295993,0.7892794,-0.2121636,0.99914867,-0.020106927,-0.01983482,0.031080931,0.456574820621982,-0.29622299939445,10.719966720622578,3.6091027183204294,41,1,-19.64762836720025,14.556613707402931,0.7503658953161981,159.5111288931663,-161.61964256189688,-178.80122179611803,25.858410004839303,66.92499055534522,9.695802622664234,35.49112882013449,133.01627327471925,3.0439174662771324,31.578315802105013,148.810766767436
1015,2025-01-17 17:09:30.106680,0.5744226,-0.46140018,0.6425824,0.21039909,-0.56772286,-0.08163883,0.7885041,-0.22200394,0.9991456,-0.020269634,-0.019878395,0.031046033,0.6250085351427961,-0.049700415140056936,10.280408215021895,3.605568683477887,40,3,-19.64762836720025,14.556613707402931,0.7503658953161981,159.5111288931663,-161.61964256189688,-178.80122179611803,25.858410004839303,66.92499055534522,9.695802622664234,35.49112882013449,133.01627327471925,3.0439174662771324,31.578315802105013,148.810766767436
1016,2025-01-17 17:09:30.123347,0.5775282,-0.45364863,0.6483817,0.20074046,-0.56394345,-0.09063479,0.7874153,-0.23179431,0.99914575,-0.02020793,-0.019941365,0.031039923,-0.409726604876352,-0.583137241599972,10.632175884928074,3.6048914203129274,38,4,-19.64762836720025,14.556613707402931,0.7503658953161981,159.5111288931663,-161.61964256189688,-178.80122179611803,25.858410004839303,66.92499055534522,9.695802622664234,35.49112882013449,133.01627327471925,3.0439174662771324,31.578315802105013,148.810766767436
1017,2025-01-17 17:09:30.140014,0.5806923,-0.4452509,0.6542045,0.19130091,-0.5601001,-0.1001377,0.78609276,-0.24148881,0.99914926,-0.020058585,-0.019944433,0.03102392,-0.48515001956728804,-0.28427639022351,10.303101005925138,3.602733483556538,36,6,-19.64762836720025,14.556613707402931,0.7503658953161981,159.5111288931663,-161.61964256189688,-178.80122179611803,25.858410004839303,66.92499055534522,9.695802622664234,35.49112882013449,133.01627327471925,3.0439174662771324,31.578315802105013,148.810766767436
1018,2025-01-17 17:09:30.156681,0.5835519,-0.43631786,0.6603471,0.18184341,-0.55587196,-0.1103636,0.78469384,-0.25115794,0.9991478,-0.02004803,-0.0200202,0.031028926,-0.135236886470964,-0.51375627021471,10.339487459630778,3.6034745295325554,35,8,-19.64762836720025,14.556613707402931,0.7503658953161981,159.5111288931663,-161.61964256189688,-178.80122179611803,25.858410004839303,66.92499055534522,9.695802622664234,35.49112882013449,133.01627327471925,3.0439174662771324,31.578315802105013,148.810766767436
1019,2025-01-17 17:09:30.173348,0.5861328,-0.42690143,0.66669893,0.17247458,-0.5513933,-0.12126704,0.7830573,-0.2609215,0.99914277,-0.020231139,-0.020074643,0.031038731,0.34027967021537403,-0.14180584600596,10.379588317422966,3.605143127808122,33,10,-19.64762836720025,14.556613707402931,0.7503658953161981,159.5111288931663,-161.61964256189688,-178.80122179611803,25.858410004839303,66.92499055534522,9.695802622664234,35.49112882013449,133.01627327471925,3.0439174662771324,31.578315802105013,148.810766767436
1020,2025-01-17 17:09:30.190015,0.5883288,-0.41698062,0.6733787,0.16306172,-0.5466682,-0.13268,0.7812225,-0.2706289,0.99914277,-0.020185262,-0.020076701,0.031062633,0.132836672400012,-0.422673212804064,10.221936965328606,3.6077879173525194,31,11,-19.64762836720025,14.556613707402931,0.7503658953161981,159.5111288931663,-161.61964256189688,-178.80122179611803,25.858410004839303,66.92499055534522,9.695802622664234,35.49112882013449,133.01627327471925,3.0439174662771324,31.578315802105013,148.810766767436
1021,2025-01-17 17:09:30.206682,0.5903366,-0.4064263,0.6802704,0.15357181,-0.5418353,-0.14441541,0.77911186,-0.2802533,0.9991551,-0.01968931,-0.019948578,0.031067044,0.09495165886233599,-0.388839762060072,10.760428875077418,3.6068728551606344,29,13,-19.64762836720025,14.556613707402931,0.7503658953161981,159.5111288931663,-161.61964256189688,-178.80122179611803,25.858410004839303,66.92499055534522,9.695802622664234,35.49112882013449,133.01627327471925,3.0439174662771324,31.578315802105013,148.810766767436
1022,2025-01-17 17:09:30.223349,0.5922588,-0.3952738,0.6872338,0.14397675,-0.5368373,-0.15652442,0.77671784,-0.28985137,0.99917,-0.018912427,-0.019934863,0.0310812,0.68686783139421,-1.604899027115886,10.419871896300618,3.60674322401274,28,15,-19.64762836720025,14.556613707402931,0.7503658953161981,159.5111288931663,-161.61964256189688,-178.80122179611803,25.858410004839303,66.92499055534522,9.695802622664234,35.49112882013449,133.01627327471925,3.0439174662771324,31.578315802105013,148.810766767436
1023,2025-01-17 17:09:30.240016,0.59396994,-0.3836336,0.69428,0.13428202,-0.53162223,-0.16901195,0.77403194,-0.29947633,0.99918914,-0.017951947,-0.019852279,0.03109032,1.1623055815177201,-0.741220558025292,9.642125554775431,3.6054732191816603,26,17,-19.64762836720025,14.556613707402931,0.7503658953161981,159.5111288931663,-161.61964256189688,-178.80122179611803,25.858410004839303,66.92499055534522,9.695802622664234,35.49109298536863,133.0162936588595,3.676026404201117,31.578315802105013,148.810766767436
1024,2025-01-17 17:09:30.256683,0.5954625,-0.3715961,0.70131034,0.12464431,-0.526228,-0.18187676,0.77102387,-0.30907235,0.9992088,-0.017026994,-0.019671017,0.031096399,0.918982708881354,-0.007155642867095469,9.810044678130744,3.603734211242616,24,19,-19.64762836720025,14.556613707402931,0.7503658953161981,159.5111288931663,-161.61964256189688,-178.80122179611803,25.858410004839303,66.92499055534522,9.695802622664234,35.49109298536863,133.0162936588595,3.676026404201117,31.578315802105013,148.810766767436
1025,2025-01-17 17:09:30.273350,0.5967701,-0.3591219,0.708303,0.115046635,-0.5205256,-0.19514097,0.7678146,-0.31848475,0.9992311,-0.01594844,-0.019459179,0.03108105,0.371756547191844,-0.640841138634042,9.700883508867665,3.5991780119629047,22,21,-19.64762836720025,14.556613707402931,0.7503658953161981,159.5111288931663,-161.61964256189688,-178.80122179611803,25.858410004839303,66.92499055534522,9.695802622664234,35.49109298536863,133.0162936588595,3.676026404201117,31.578315802105013,148.810766767436
1026,2025-01-17 17:09:30.290017,0.5978426,-0.34626222,0.71528065,0.10531925,-0.51457685,-0.20866098,0.764327,-0.32783267,0.99924666,-0.014952659,-0.019464286,0.031073958,-0.097363499004024,-0.704402863741728,10.206100145265463,3.596211518174117,20,23,-19.64762836720025,14.556613707402931,0.7503658953161981,159.5111288931663,-161.61964256189688,-178.80122179611803,25.858410004839303,66.92499055534522,9.695802622664234,35.49109298536863,133.0162936588595,3.676026404201117,31.578315802105013,148.810766767436
1027,2025-01-17 17:09:30.306684,0.59869826,-0.33308706,0.72219044,0.09531994,-0.50848264,-0.22237684,0.76045215,-0.33720163,0.9992645,-0.014012028,-0.019320777,0.031028986,0.08933182936323,-0.8904879040864919,9.315108567024403,3.5887464562932267,18,25,-19.64762836720025,14.556613707402931,0.7503658953161981,159.5111288931663,-161.61964256189688,-178.80122179611803,25.858410004839303,66.92499055534522,9.695802622664234,35.49109298536863,133.0162936588595,3.676026404201117,31.578315802105013,148.810766767436
1028,2025-01-17 17:09:30.323351,0.5995196,-0.319494,0.7288736,0.08529055,-0.50223464,-0.2363176,0.75615716,-0.34661123,0.9992786,-0.01303801,-0.019298406,0.031010509,-0.388804437350664,-0.631454791430328,9.795597392976115,3.5844827002024817,16,27,-19.64762836720025,14.556613707402931,0.7503658953161981,159.5111288931663,-161.61964256189688,-178.80122179611803,25.858410004839303,66.92499055534522,9.695802622664234,35.49109298536863,133.0162936588595,3.676026404201117,31.578315802105013,148.810766767436
1029,2025-01-17 17:09:30.340018,0.60020036,-0.30556256,0.73538166,0.07507627,-0.4957488,-0.2503724,0.75154835,-0.3559779,0.9992931,-0.012206167,-0.019143002,0.030977905,-0.060738694477854,-0.395484779148126,9.612829298222861,3.5786940785037924,14,29,-19.64762836720025,14.556613707402931,0.7503658953161981,159.5111288931663,-161.61964256189688,-178.80122179611803,25.858410004839303,66.92499055534522,9.695802622664234,35.49109298536863,133.0162936588595,3.676026404201117,31.578315802105013,148.810766767436
1030,2025-01-17 17:09:30.356685,0.6004603,-0.29125094,0.7419471,0.06454988,-0.48895267,-0.26454598,0.74673843,-0.36513147,0.9993024,-0.0114049455,-0.019195333,0.030953497,0.011153211778752413,-0.7208330594035981,9.942731710831632,3.5742516595366,12,31,-19.64762836720025,14.556613707402931,0.7503658953161981,159.5111288931663,-161.61964256189688,-178.80122179611803,25.858410004839303,66.92499055534522,9.695802622664234,35.49109298536863,133.0162936588595,3.676026404201117,31.578315802105013,148.810766767436
1031,2025-01-17 17:09:30.373352,0.6002656,-0.27649277,0.74857885,0.053798303,-0.481915,-0.27895907,0.7416367,-0.37404987,0.99931324,-0.010722534,-0.019071246,0.030922323,0.184337377775874,-0.671357028551982,9.63141992105724,3.569026211871265,9,34,-19.64762836720025,14.556613707402931,0.7503658953161981,159.5111288931663,-161.61964256189688,-178.80122179611803,25.858410004839303,66.92499055534522,9.695802622664234,35.49109298536863,133.0162936588595,3.676026404201117,31.578315802105013,148.810766767436
1032,2025-01-17 17:09:30.390019,0.5999554,-0.26140156,0.7549243,0.04293835,-0.47477123,-0.293576,0.7360455,-0.3829377,0.9993193,-0.010142496,-0.019109296,0.030899256,0.067641146345598,-0.27593630797097995,9.257277032179092,3.565187852071641,7,36,-19.64762836720025,14.556613707402931,0.7503658953161981,159.5111288931663,-161.61964256189688,-178.80122179611803,25.858410004839303,66.92499055534522,9.695802622664234,35.49109298536863,133.0162936588595,3.676026404201117,31.578315802105013,148.810766767436
1033,2025-01-17 17:09:30.406686,0.5994466,-0.24611838,0.7609811,0.032072425,-0.46748674,-0.3083802,0.7299798,-0.39177296,0.99932325,-0.009839504,-0.019103361,0.030873269,0.079111067734896,-0.073088173799556,9.51968070920007,3.5615473896465475,5,38,-19.64762836720025,14.556613707402931,0.7503658953161981,159.5111288931663,-161.61964256189688,-178.80122179611803,25.858410004839303,66.92499055534522,9.695802622664234,35.49109298536863,133.0162936588595,3.676026404201117,31.578315802105013,148.810766767436
1034,2025-01-17 17:09:30.423353,0.59863937,-0.2306408,0.7668159,0.021461189,-0.46002132,-0.3233558,0.7235287,-0.4004076,0.9993229,-0.009855634,-0.019167973,0.030840427,0.10494299220318,-0.16511649903640802,9.513076401971597,3.557901201501425,3,40,-19.64762836720025,14.556613707402931,0.7503658953161981,159.5111288931663,-161.61964256189688,-178.80122179611803,25.858410004839303,66.92499055534522,9.695802622664234,35.49109298536863,133.0162936588595,3.676026404201117,31.578315802105013,148.810766767436
1035,2025-01-17 17:09:30.440020,0.59745085,-0.2148938,0.7725169,0.011054516,-0.45259672,-0.33829343,0.71664,-0.408827,0.9993196,-0.010026671,-0.019282706,0.03082034,0.162443981956512,-0.171165030341298,9.724707035513449,3.5561217602455577,1,43,-19.64762836720025,14.556613707402931,0.7503658953161981,159.5111288931663,-161.61964256189688,-178.80122179611803,25.858410004839303,66.92499055534522,9.695802622664234,35.49109298536863,133.0162936588595,3.676026404201117,31.578315802105013,148.810766767436
1036,2025-01-17 17:09:30.456687,0.5962187,-0.19883904,0.7778286,0.0008826554,-0.44546485,-0.35302424,0.70915425,-0.41717348,0.9993143,-0.010372439,-0.01940375,0.030797452,0.226041928719108,-0.189831398308926,9.404767629451595,3.5544163691791293,-1,45,-19.64762836720025,14.556613707402931,0.7503658953161981,159.5111288931663,-161.61964256189688,-178.80122179611803,25.858410004839303,66.92499055534522,9.695802622664234,35.49109298536863,133.0162936588595,3.676026404201117,31.578315802105013,148.810766767436
1037,2025-01-17 17:09:30.473354,0.5949402,-0.18246847,0.7827542,-0.008882612,-0.4385106,-0.36755908,0.70116657,-0.4254089,0.99930775,-0.010785377,-0.019545441,0.030778646,0.10375658353504201,-0.207751094016834,9.595095773281589,3.5533653542119,-3,47,-19.64762836720025,14.556613707402931,0.7503658953161981,159.5111288931663,-161.61964256189688,-178.80122179611803,25.858410004839303,66.92499055534522,9.695802622664234,35.49109298536863,133.0162936588595,3.676026404201117,31.578315802105013,148.810766767436
1038,2025-01-17 17:09:30.490021,0.59353924,-0.16592395,0.7873262,-0.01815179,-0.43179578,-0.3818213,0.692867,-0.43324223,0.9993017,-0.011230649,-0.019660385,0.030745715,0.1204681575237,0.026546053118229017,9.548026112706012,3.550738485272768,-5,50,-19.64762836720025,14.556613707402931,0.7503658953161981,159.5111288931663,-161.61964256189688,-178.80122179611803,25.858410004839303,66.92499055534522,9.695802622664234,35.49109298536863,133.0162936588595,3.676026404201117,31.578315802105013,148.810766767436
1039,2025-01-17 17:09:30.506688,0.5917526,-0.14940631,0.79171425,-0.026954114,-0.42559335,-0.39560148,0.6843884,-0.4404326,0.99929345,-0.011719401,-0.019834429,0.030719608,0.189219282317052,-0.08432524153911,9.76354372781301,3.549094229908441,-7,52,-19.64762836720025,14.556613707402931,0.7503658953161981,159.5111288931663,-161.61964256189688,-178.80122179611803,25.858410004839303,66.92499055534522,9.695802622664234,35.49109298536863,133.0162936588595,3.676026404201117,31.578315802105013,148.810766767436
1040,2025-01-17 17:09:30.523355,0.58963454,-0.13296458,0.7958862,-0.035328776,-0.42068574,-0.40841782,0.675398,-0.4472746,0.99928737,-0.012147499,-0.01994484,0.03068003,0.37451038146438,-0.303478996005324,9.637051507264866,3.545685445348171,-9,54,-19.64762836720025,14.556613707402931,0.7503658953161981,159.5111288931663,-161.61964256189688,-178.80122179611803,25.858410004839303,66.92499055534522,9.695802622664234,35.49109298536863,133.0162936588595,3.676026404201117,31.578315802105013,148.810766767436
1041,2025-01-17 17:09:30.540022,0.587474,-0.11677256,0.79962295,-0.04328209,-0.41903132,-0.41906366,0.6643323,-0.45547733,0.9992809,-0.012578838,-0.020055672,0.03064403,0.36029941362279,-0.195721970440032,9.532610015694324,3.5427054914021756,-11,56,-19.64762836720025,14.556613707402931,0.7503658953161981,159.5111288931663,-161.61964256189688,-178.80122179611803,25.858410004839303,66.92499055534522,9.695802622664234,35.49109298536863,133.0162936588595,3.676026404201117,31.578315802105013,148.810766767436
1042,2025-01-17 17:09:30.556689,0.5854825,-0.10094476,0.80278337,-0.050902456,-0.4222033,-0.42599308,0.6499575,-0.46672055,0.9992739,-0.013117685,-0.020127997,0.030601203,0.57337866017343,-0.309943292800428,9.50257291863369,3.5391297593707107,-13,58,-19.64762836720025,14.556613707402931,0.7503658953161981,159.5111288931663,-161.61964256189688,-178.80122179611803,25.858410004839303,66.92499055534522,9.695802622664234,35.49109298536863,133.0162936588595,3.676026404201117,31.578315802105013,148.810766767436
1043,2025-01-17 17:09:30.573356,0.58454597,-0.08564937,0.8047516,-0.058110893,-0.43006235,-0.4288034,0.632236,-0.48109263,0.9992653,-0.013675628,-0.020236993,0.030563056,0.72689174670762,-0.315581462385348,9.456610616904522,3.5362079143646508,-15,60,-19.64762836720025,14.556613707402931,0.7503658953161981,159.5111288931663,-161.61964256189688,-178.80122179611803,25.858410004839303,66.92499055534522,9.695802622664234,35.49109298536863,133.0162936588595,3.676026404201117,31.578315802105013,148.810766767436
1044,2025-01-17 17:09:30.590023,0.5884892,-0.07083884,0.8028306,-0.06447467,-0.44389117,-0.42612752,0.60988265,-0.49941725,0.99925333,-0.01440294,-0.020384943,0.030525416,1.409123263831992,-0.375185709830928,9.467669572255542,3.5338151397418804,-17,62,-19.64762836720025,14.556613707402931,0.7503658953161981,159.5111288931663,-161.61964256189688,-178.80122179611803,25.858410004839303,66.92499055534522,9.695802622664234,35.49109298536863,133.0162936588595,3.676026404201117,31.578315802105013,148.810766767436
1045,2025-01-17 17:09:30.606690,0.5987427,-0.057118535,0.7957669,-0.070931554,-0.4608925,-0.41797256,0.5845406,-0.520757,0.99924284,-0.015031012,-0.020491865,0.03049314,1.8959250037224058,-0.378014228580816,9.569885958934787,3.531753656628436,-19,63,-19.64762836720025,14.556613707402931,0.7503658953161981,159.5111288931663,-161.61964256189688,-178.80122179611803,25.858410004839303,66.92499055534522,9.695802622664234,35.49109298536863,133.0162936588595,3.676026404201117,31.578315802105013,148.810766767436
1046,2025-01-17 17:09:30.623357,0.62045014,-0.045157254,0.7791326,-0.0773713,-0.4837938,-0.40158415,0.5531112,-0.5465714,0.99923384,-0.015591954,-0.020567147,0.03045696,1.7502504567975479,-0.3412327837272,9.765546524638351,3.529040301200556,-21,65,-19.64762836720025,14.556613707402931,0.7503658953161981,159.5111288931663,-161.61964256189688,-178.80122179611803,25.858410004839303,66.92499055534522,9.695802622664234,35.49109298536863,133.0162936588595,3.676026404201117,31.578315802105013,148.810766767436
1047,2025-01-17 17:09:30.640024,0.6525958,-0.03531778,0.7522729,-0.08359584,-0.5101595,-0.37739044,0.5160335,-0.5753449,0.99922514,-0.016137999,-0.020643853,0.030406117,1.826047646777154,-0.5414968641870119,9.946500517470906,3.5246225808820495,-22,67,-19.64762836720025,14.556613707402931,0.7503658953161981,159.5111288931663,-161.61964256189688,-178.80122179611803,25.858410004839303,66.92499055534522,9.695802622664234,35.49109298536863,133.0162936588595,3.676026404201117,31.578315802105013,148.810766767436
1048,2025-01-17 17:09:30.656691,0.69231355,-0.027887762,0.7154098,-0.090247065,-0.5363256,-0.3472274,0.47561875,-0.60462654,0.9992174,-0.016608588,-0.0207242,0.030352116,1.9917591392725742,-0.336099925910358,9.972372996016416,3.5196845232549436,-24,68,-19.64762836720025,14.556613707402931,0.7503658953161981,159.5111288931663,-161.61964256189688,-178.80122179611803,25.858410004839303,66.92499055534522,9.695802622664234,35.49109298536863,133.0162936588595,3.676026404201117,31.578315802105013,148.810766767436
1049,2025-01-17 17:09:30.673358,0.740173,-0.02292496,0.66492665,-0.097583055,-0.5598347,-0.3139181,0.4340312,-0.6321835,0.9992099,-0.017096056,-0.020783642,0.030284941,2.20722873801288,-0.20190794425318798,9.951371639859342,3.5132374737073033,-26,70,-19.64762836720025,14.556613707402931,0.7503658953161981,159.5111288931663,-161.61964256189688,-178.80122179611803,25.858410004839303,66.92499055534522,9.695802622664234,35.49109298536863,133.0162936588595,3.676026404201117,31.578315802105013,148.810766767436
1050,2025-01-17 17:09:30.690025,0.7940215,-0.020709276,0.59824944,-0.10597187,-0.5793263,-0.28071442,0.39388672,-0.65607333,0.99920183,-0.01754978,-0.020870388,0.030231744,2.2327159367739,-0.587120617334298,9.931876051089084,3.508381702778941,-28,71,-19.64762836720025,14.556613707402931,0.7503658953161981,159.5111288931663,-161.61964256189688,-178.80122179611803,25.858410004839303,66.92499055534522,9.695802622664234,35.49109298536863,133.0162936588595,3.676026404201117,31.578315802105013,148.810766767436
1051,2025-01-17 17:09:30.706692,0.8457716,-0.02081035,0.5206822,-0.11471251,-0.59288746,-0.2510375,0.35885355,-0.6757866,0.9991945,-0.01800397,-0.02090611,0.030179441,2.21443983671913,-0.41297937577785,10.238747086938774,3.5035218473436256,-29,72,-19.64762836720025,14.556613707402931,0.7503658953161981,159.5111288931663,-161.61964256189688,-178.80122179611803,25.858410004839303,66.92499055534522,9.695802622664234,35.49109298536863,133.0162936588595,3.676026404201117,31.578315802105013,148.810766767436
1052,2025-01-17 17:09:30.723359,0.88721275,-0.021878079,0.44415814,-0.12300429,-0.6029672,-0.22409388,0.3280875,-0.69178736,0.99918604,-0.018449852,-0.021003976,0.030123591,2.199411903686478,-0.464338350926964,10.079538194221698,3.4983834533691875,-31,73,-19.64762836720025,14.556613707402931,0.7503658953161981,159.5111288931663,-161.61964256189688,-178.80122179611803,25.858410004839303,66.92499055534522,9.695802622664234,35.49109298536863,133.0162936588595,3.676026404201117,31.578315802105013,148.810766767436
1053,2025-01-17 17:09:30.740026,0.9158197,-0.023117542,0.37893623,-0.13106725,-0.6107447,-0.19950646,0.3003869,-0.7049499,0.9991774,-0.01890969,-0.021084404,0.03007254,1.919164319838336,-0.423691337094192,10.094143363230906,3.493795861982673,-32,74,-19.64762836720025,14.556613707402931,0.7503658953161981,159.5111288931663,-161.61964256189688,-178.80122179611803,25.858410004839303,66.92499055534522,9.695802622664234,35.49109298536863,133.0162936588595,3.676026404201117,31.578315802105013,148.810766767436
1054,2025-01-17 17:09:30.756693,0.9365751,-0.024777696,0.3213605,-0.13773945,-0.6161995,-0.17835411,0.2767409,-0.7154726,0.9991679,-0.019353187,-0.021223899,0.030009001,1.607166737979066,-0.11956650261603,9.983991660156455,3.487889707903636,-33,75,-19.64762836720025,14.556613707402931,0.7503658953161981,159.5111288931663,-161.61964256189688,-178.80122179611803,25.858410004839303,66.92499055534522,9.695802622664234,35.49109298536863,133.0162936588595,3.676026404201117,31.578315802105013,148.810766767436
1055,2025-01-17 17:09:30.773360,0.95246303,-0.027214013,0.2675228,-0.14330658,-0.620186,-0.16052473,0.2573839,-0.7234317,0.9991584,-0.019844195,-0.021305505,0.029940426,1.421639275415664,-0.42270212561000997,10.126856262174732,3.481389011203496,-34,76,-19.64762836720025,14.556613707402931,0.7503658953161981,159.5111288931663,-161.61964256189688,-178.80122179611803,25.858410004839303,66.92499055534522,9.695802622664234,35.49109298536863,133.0162936588595,3.676026404201117,31.578315802105013,148.810766767436
1056,2025-01-17 17:09:30.790027,0.9597639,-0.027940013,0.23757252,-0.14718455,-0.62359023,-0.14533557,0.24099591,-0.7293368,0.99914944,-0.020240378,-0.021444712,0.02987653,1.178403846029448,-0.586318614622134,10.343945505291204,3.475353446050477,-35,76,-19.64762836720025,14.556613707402931,0.7503658953161981,159.5111288931663,-161.61964256189688,-178.80122179611803,25.858410004839303,66.92499055534522,9.695802622664234,35.49109298536863,133.0162936588595,3.676026404201117,31.578315802105013,148.810766767436
1057,2025-01-17 17:09:30.806694,0.9552203,-0.024219021,0.25369215,-0.1504643,-0.62659276,-0.13329768,0.22790904,-0.7332592,0.99913955,-0.020687498,-0.021556467,0.029820621,1.0397918851598158,-0.627169466232156,10.319302301128147,3.470297465256995,-35,76,-19.64762836720025,14.556613707402931,0.7503658953161981,159.5111288931663,-161.61964256189688,-178.80122179611803,25.858410004839303,66.92499055534522,9.695802622664234,35.49109298536863,133.0162936588595,3.676026404201117,31.578315802105013,148.810766767436
1058,2025-01-17 17:09:30.823361,0.95707536,-0.023876376,0.24592942,-0.15161386,-0.6289141,-0.12574664,0.21942359,-0.7351915,0.99912596,-0.021234954,-0.021733083,0.029764235,0.867873458843886,-0.38718708632179805,10.177061543020177,3.4656116296978543,-35,76,-19.64762836720025,14.556613707402931,0.7503658953161981,159.5111288931663,-161.61964256189688,-178.80122179611803,25.858410004839303,66.92499055534522,9.695802622664234,35.49109298536863,133.0162936588595,3.676026404201117,31.578315802105013,148.810766767436
1059,2025-01-17 17:09:30.840028,0.9564025,-0.02299285,0.24861203,-0.15162155,-0.6320669,-0.118471265,0.21139757,-0.7360474,0.9991152,-0.021722116,-0.021812895,0.029715389,0.847257785557806,-0.53222410962087,9.981400073701625,3.461402619918706,-35,76,-19.64762836720025,14.556613707402931,0.7503658953161981,159.5111288931663,-161.61964256189688,-178.80122179611803,25.858410004839303,66.92499055534522,9.695802622664234,35.49109298536863,133.0162936588595,3.676026404201117,31.578315802105013,148.810766767436
1060,2025-01-17 17:09:30.856695,0.9570182,-0.023017414,0.24719293,-0.15004507,-0.6366494,-0.1082606,0.20168112,-0.736397,0.99909854,-0.022288803,-0.022063678,0.029667974,0.647581868995614,-0.592225114756404,9.992926034745324,3.4580350223335032,-35,76,-19.64762836720025,14.556613707402931,0.7503658953161981,159.5111288931663,-161.61964256189688,-178.80122179611803,25.858410004839303,66.92499055534522,9.695802622664234,35.49109298536863,133.0162936588595,3.676026404201117,31.578315802105013,148.810766767436
1061,2025-01-17 17:09:30.873362,0.95774674,-0.023519956,0.24600561,-0.14724359,-0.6422373,-0.096563265,0.19129613,-0.7359424,0.99908495,-0.022865398,-0.022156708,0.029620022,0.329947701241644,-0.698794211750808,10.333074569642116,3.4542124786242465,-35,76,-19.64762836720025,14.556613707402931,0.7503658953161981,159.5111288931663,-161.61964256189688,-178.80122179611803,25.858410004839303,66.92499055534522,9.695802622664234,35.49109298536863,133.0162936588595,3.676026404201117,31.578315802105013,148.810766767436
1062,2025-01-17 17:09:30.890029,0.9584073,-0.024578027,0.24566492,-0.14328924,-0.64773375,-0.08684023,0.18327034,-0.7343775,0.99906516,-0.023610294,-0.022347042,0.029562443,-0.15814843155605998,-0.5397236957416319,9.717604768330476,3.449998152815078,-34,75,-19.64762836720025,14.556613707402931,0.7503658953161981,159.5111288931663,-161.61964256189688,-178.80122179611803,25.858410004839303,66.92499055534522,9.695802622664234,35.49109298536863,133.0162936588595,3.676026404201117,31.578315802105013,148.810766767436
1063,2025-01-17 17:09:30.906696,0.9596155,-0.026387677,0.24369262,-0.13815644,-0.65328485,-0.07863703,0.17715095,-0.73188215,0.9990417,-0.024371244,-0.02263325,0.029518664,-0.7926144332068801,-0.47994947153784595,9.876731399935224,3.4477281291890103,-34,75,-19.64762836720025,14.556613707402931,0.7503658953161981,159.5111288931663,-161.61964256189688,-178.80122179611803,25.858410004839303,66.92499055534522,9.695802622664234,35.49109298536863,133.0162936588595,3.676026404201117,31.578315802105013,148.810766767436
1064,2025-01-17 17:09:30.923363,0.96076643,-0.028644912,0.24232614,-0.13197243,-0.65796787,-0.07619724,0.17703351,-0.7279629,0.9990188,-0.025242407,-0.022769475,0.029454172,-1.039485493058916,-0.327055410760626,9.402815616777762,3.4429424481988407,-33,74,-19.64762836720025,14.556613707402931,0.7503658953161981,159.5111288931663,-161.61964256189688,-178.80122179611803,25.858410004839303,66.92499055534522,9.695802622664234,35.49109298536863,133.0162936588595,3.676026404201117,31.578315802105013,148.810766767436
1065,2025-01-17 17:09:30.940030,0.96197766,-0.031361267,0.24094714,-0.12486622,-0.66292185,-0.07461131,0.17807972,-0.72336304,0.99899065,-0.026171733,-0.023022048,0.029399902,-1.1686441470402,-0.547347297665166,9.883188025273283,3.439877826169533,-32,73,-19.64762836720025,14.556613707402931,0.7503658953161981,159.5111288931663,-161.61964256189688,-178.80122179611803,25.858410004839303,66.92499055534522,9.695802622664234,35.49109298536863,133.0162936588595,3.676026404201117,31.578315802105013,148.810766767436
1066,2025-01-17 17:09:30.956697,0.9632481,-0.03439787,0.2394517,-0.11689457,-0.6684121,-0.07264028,0.17890495,-0.71829,0.9989596,-0.027225308,-0.023226075,0.029339671,-1.439334310812528,-0.58419085751514,9.813163356993103,3.43633768899767,-31,72,-19.64762836720025,14.556613707402931,0.7503658953161981,159.5111288931663,-161.61964256189688,-178.80122179611803,25.858410004839303,66.92499055534522,9.695802622664234,35.49109298536863,133.0162936588595,3.676026404201117,31.578315802105013,148.810766767436
1067,2025-01-17 17:09:30.973364,0.9645157,-0.03772182,0.23795038,-0.108156115,-0.6743994,-0.07084881,0.17968349,-0.71265596,0.9989395,-0.027849492,-0.023419863,0.029286325,-1.52253127884552,-0.34160253403442403,9.826202712639539,3.4324867736960525,-30,71,-19.64762836720025,14.556613707402931,0.7503658953161981,159.5111288931663,-161.61964256189688,-178.80122179611803,25.858410004839303,66.92499055534522,9.695802622664234,35.49109298536863,133.0162936588595,3.676026404201117,31.578315802105013,148.810766767436
1068,2025-01-17 17:09:30.990031,0.9656867,-0.04135181,0.23667379,-0.09877378,-0.68069,-0.06969038,0.18052733,-0.7065499,0.99891555,-0.028584845,-0.023611417,0.029239327,-1.638802621961268,-0.6190483716146999,9.783432492254509,3.4296732360256845,-29,70,-19.64762836720025,14.556613707402931,0.7503658953161981,159.5111288931663,-161.61964256189688,-178.80122179611803,25.858410004839303,66.92499055534522,9.695802622664234,35.49109298536863,133.0162936588595,3.676026404201117,31.578315802105013,148.810766767436
1069,2025-01-17 17:09:31.006698,0.9668857,-0.045202896,0.23506469,-0.08868387,-0.6872226,-0.06913716,0.18166628,-0.699958,0.9988988,-0.029074494,-0.023756593,0.029209256,-1.7199589400867699,-0.782746299443136,9.722072547876431,3.42802040695301,-28,69,-19.64762836720025,14.556613707402931,0.7503658953161981,159.5111288931663,-161.61964256189688,-178.80122179611803,25.858410004839303,66.92499055534522,9.695802622664234,35.49109298536863,133.0162936588595,3.676026404201117,31.578315802105013,148.810766767436
1070,2025-01-17 17:09:31.023365,0.9679147,-0.04921847,0.23378634,-0.07806525,-0.6941398,-0.068313055,0.18257348,-0.692942,0.998876,-0.029765088,-0.023887752,0.029191047,-1.65684867521625,-0.676199363092842,9.69564910735848,3.428221714552263,-27,68,-19.64762836720025,14.556613707402931,0.7503658953161981,159.5111288931663,-161.61964256189688,-178.80122179611803,25.858410004839303,66.92499055534522,9.695802622664234,35.49109298536863,133.0162936588595,3.676026404201117,31.578315802105013,148.810766767436
1071,2025-01-17 17:09:31.040032,0.96900845,-0.05340822,0.2318072,-0.06683695,-0.70144683,-0.067158535,0.18315731,-0.68550277,0.9988566,-0.030262377,-0.024115127,0.029154569,-2.295910169548446,-1.0304283179583,9.514974086699892,3.426193564306776,-25,67,-19.64762836720025,14.556613707402931,0.7503658953161981,159.5111288931663,-161.61964256189688,-178.80122179611803,25.858410004839303,66.92499055534522,9.695802622664234,35.49109298536863,133.0162936588595,3.676026404201117,31.578315802105013,148.810766767436
1072,2025-01-17 17:09:31.056699,0.9699247,-0.05761803,0.23005027,-0.055090666,-0.7090745,-0.065965064,0.18361561,-0.6776031,0.9988328,-0.030950349,-0.024239667,0.02914396,-3.1153480434600183,-0.9859374768330719,9.915683540303435,3.427278945272854,-24,66,-19.64762836720025,14.556613707402931,0.7503658953161981,159.5111288931663,-161.61964256189688,-178.80122179611803,25.858410004839303,66.92499055534522,9.695802622664234,35.49109298536863,133.0162936588595,3.676026404201117,31.578315802105013,148.810766767436
1073,2025-01-17 17:09:31.073366,0.97075903,-0.06168779,0.2280827,-0.042795688,-0.7170038,-0.06455045,0.18386418,-0.66927654,0.9988109,-0.031563092,-0.024406128,0.029100925,-3.756671187701826,-0.783453927592266,9.715994203740443,3.4246241397614825,-22,64,-19.64762836720025,14.556613707402931,0.7503658953161981,159.5111288931663,-161.61964256189688,-178.80122179611803,25.858410004839303,66.92499055534522,9.695802622664234,35.49109298536863,133.0162936588595,3.676026404201117,31.578315802105013,148.810766767436
1074,2025-01-17 17:09:31.090033,0.97131443,-0.06562727,0.22665976,-0.029967338,-0.7251823,-0.06318378,0.18413204,-0.6604636,0.9987854,-0.032279655,-0.024507843,0.02910608,-4.09333980804288,-0.863538710154228,9.73679491548099,3.427543111347453,-21,63,-19.64762836720025,14.556613707402931,0.7503658953161981,159.5111288931663,-161.61964256189688,-178.80122179611803,25.858410004839303,66.92499055534522,9.695802622664234,35.49109298536863,133.0162936588595,3.676026404201117,31.578315802105013,148.810766767436
1075,2025-01-17 17:09:31.106700,0.97162175,-0.069430396,0.22557722,-0.01663822,-0.73354673,-0.062024496,0.1847018,-0.6511115,0.9987522,-0.033111785,-0.02476064,0.029092789,-4.22208516718515,-1.329191939094762,9.622080338496131,3.429287064003195,-19,62,-19.64762836720025,14.556613707402931,0.7503658953161981,159.5111288931663,-161.61964256189688,-178.80122179611803,25.858410004839303,66.92499055534522,9.695802622664234,35.49109298536863,133.0162936588595,3.676026404201117,31.578315802105013,148.810766767436
1076,2025-01-17 17:09:31.123367,0.9717561,-0.073106125,0.2244321,-0.0027325451,-0.7420982,-0.060698584,0.18530102,-0.6413019,0.9987049,-0.034299176,-0.02502491,0.029113024,-3.663137019076068,0.013859087939795055,10.217426417842152,3.4359469849960953,-18,60,-19.64762836720025,14.556613707402931,0.7503658953161981,159.5111288931663,-161.61964256189688,-178.80122179611803,25.858410004839303,66.92499055534522,9.695802622664234,35.49109298536863,133.0162936588595,3.676026404201117,31.578315802105013,148.810766767436
1077,2025-01-17 17:09:31.140034,0.971694,-0.07666597,0.22322267,0.0116684735,-0.7508465,-0.059182156,0.18588653,-0.6310084,0.9986621,-0.03534908,-0.025256129,0.02913016,-2.617134888803454,-3.012233015216616,9.024479081005115,3.4417944895654764,-16,58,-19.64762836720025,14.556613707402931,0.7503658953161981,159.5111288931663,-161.61964256189688,-178.80122179611803,25.858410004839303,66.92499055534522,9.695802622664234,35.49109298536863,133.0162936588595,3.676026404201117,31.578315802105013,148.810766767436
1078,2025-01-17 17:09:31.156701,0.97154456,-0.0800776,0.22139917,0.026508063,-0.75979996,-0.057348065,0.18627349,-0.62025464,0.9986229,-0.036603145,-0.025000425,0.02914247,-2.039405574348198,-1.6775651237004958,9.885048402976247,3.445543560856578,-14,57,-19.64762836720025,14.556613707402931,0.7503658953161981,159.5111288931663,-161.61964256189688,-178.80122179611803,25.858410004839303,66.92499055534522,9.695802622664234,35.49109298536863,133.0162936588595,3.676026404201117,31.578315802105013,148.810766767436
1079,2025-01-17 17:09:31.173368,0.97117627,-0.0833362,0.21946713,0.04168132,-0.7689391,-0.055511616,0.18670715,-0.6089253,0.9985723,-0.03772816,-0.025287442,0.029190898,-3.8878118222412477,0.88128830836629,8.983790157400998,3.4554926351152786,-12,55,-19.64762836720025,14.556613707402931,0.7503658953161981,159.5111288931663,-161.61964256189688,-178.80122179611803,25.858410004839303,66.92499055534522,9.695802622664234,35.49109298536863,133.0162936588595,3.676026404201117,31.578315802105013,148.810766767436
