Measurement Mode:,Custom modes - custom mode5
number,time,wol,xol,yol,zol,wor,xor,yor,zor,wb,xb,yb,zb,accx,accy,accz,deg,angle_left,angle_right,err_deg_oar_left_x,err_deg_oar_right_x,err_deg_boat_x,err_deg_oar_left_y,err_deg_oar_right_y,err_deg_boat_y,err_deg_oar_left_z,err_deg_oar_right_z,err_deg_boat_z,latitude,longitude,speed,gyrox,gyroy,gyroz,SPM,SPLIT
7383,2024-12-20 16:50:11.360461,-0.552899,-0.454425,-0.47167,0.515104,-0.022569,0.678062,-0.04218,0.733445,-0.900967,0.014655,0.003783,0.433624,-4.157495,0.769709,9.778205,308.6110971872858,-54,210,-168.59758261420635,-171.4315024986941,2.837349194511138,9.96382807276562,-9.321731577667036,-179.5319663712788,143.09821494918228,-71.04433287683592,123.7747599387009,35.490675858524774,133.0165469549155,2.335965749232168,6.644621,-0.009528,1.55083,22.221777786666486,172.51227153462924
7384,2024-12-20 16:50:11.377128,-0.548653,-0.457049,-0.474828,0.514421,-0.023875,0.67841,-0.042181,0.733082,-0.901009,0.014243,0.00399,0.433549,-4.098294,-1.800131,9.477424,308.6204233796677,-54,210,-168.59758261420635,-171.4315024986941,2.837349194511138,9.96382807276562,-9.321731577667036,-179.5319663712788,143.09821494918228,-71.04433287683592,123.7747599387009,35.490675858524774,133.0165469549155,2.335965749232168,3.903471,-0.059396,1.17034,22.221777786666486,172.51227153462924
7385,2024-12-20 16:50:11.393795,-0.545143,-0.457971,-0.477598,0.514768,-0.024799,0.678042,-0.042999,0.733344,-0.901035,0.013299,0.004466,0.433521,-3.828807,-1.946142,9.638284,308.62344568400863,-55,210,-168.59758261420635,-171.4315024986941,2.837349194511138,9.96382807276562,-9.321731577667036,-179.5319663712788,143.09821494918228,-71.04433287683592,123.7747599387009,35.490675858524774,133.0165469549155,2.335965749232168,7.991951,-0.147708,0.745503,22.221777786666486,172.51227153462924
7386,2024-12-20 16:50:11.410462,-0.540209,-0.460129,-0.482718,0.513268,-0.025758,0.678623,-0.044881,0.732661,-0.901087,0.012285,0.004982,0.433435,-4.08939,1.112315,9.801733,308.6336604073561,-55,210,-168.59758261420635,-171.4315024986941,2.837349194511138,9.96382807276562,-9.321731577667036,-179.5319663712788,143.09821494918228,-71.04433287683592,123.7747599387009,35.490675858524774,133.0165469549155,2.335965749232168,8.554573,-0.190033,1.133574,22.221777786666486,172.51227153462924
7387,2024-12-20 16:50:11.427129,-0.532202,-0.464809,-0.491813,0.508761,-0.026573,0.679476,-0.047547,0.731672,-0.901141,0.011645,0.005437,0.433335,-3.667744,-0.427657,10.079506,308.64592389214545,-55,210,-168.59758261420635,-171.4315024986941,2.837349194511138,9.96382807276562,-9.321731577667036,-179.5319663712788,143.09821494918228,-71.04433287683592,123.7747599387009,35.490675858524774,133.0165469549155,2.335965749232168,6.056041,-0.930292,1.329895,22.221777786666486,172.51227153462924
7388,2024-12-20 16:50:11.443796,-0.523874,-0.468873,-0.502095,0.503606,-0.027054,0.681849,-0.051192,0.729196,-0.901185,0.010449,0.005991,0.433268,-3.035579,-1.326964,9.895962,308.65351192900323,-54,210,-168.59758261420635,-171.4315024986941,2.837349194511138,9.96382807276562,-9.321731577667036,-179.5319663712788,143.09821494918228,-71.04433287683592,123.7747599387009,35.490675858524774,133.0165469549155,2.335965749232168,9.79524,0.109987,1.026154,22.221777786666486,172.51227153462924
7389,2024-12-20 16:50:11.460463,-0.524198,-0.463342,-0.505512,0.504967,-0.027654,0.68772,-0.056112,0.723274,-0.901212,0.009219,0.006523,0.433232,-2.531493,-0.53613,9.945872,308.65701397697694,-54,209,-168.59758261420635,-171.4315024986941,2.837349194511138,9.96382807276562,-9.321731577667036,-179.5319663712788,143.09821494918228,-71.04433287683592,123.7747599387009,35.490675858524774,133.0165469549155,2.335965749232168,9.936161,0.346149,0.767427,22.221777786666486,172.51227153462924
7390,2024-12-20 16:50:11.477130,-0.526901,-0.455277,-0.508021,0.506969,-0.027977,0.692308,-0.062361,0.718356,-0.901246,0.008506,0.006838,0.433172,-2.4595,0.295518,10.030707,308.6640046221364,-53,209,-168.59758261420635,-171.4315024986941,2.837349194511138,9.96382807276562,-9.321731577667036,-179.5319663712788,143.09821494918228,-71.04433287683592,123.7747599387009,35.490675858524774,133.0165469549155,2.335965749232168,6.088197,0.145909,0.997378,22.221777786666486,172.51227153462924
7391,2024-12-20 16:50:11.493797,-0.526689,-0.449711,-0.513487,0.50665,-0.027606,0.689814,-0.069922,0.720072,-0.901288,0.007519,0.00729,0.433093,-2.514717,-0.337743,10.55974,308.6730167355147,-53,208,-168.59758261420635,-171.4315024986941,2.837349194511138,9.96382807276562,-9.321731577667036,-179.5319663712788,143.09821494918228,-71.04433287683592,123.7747599387009,35.490675858524774,133.0165469549155,2.335965749232168,8.194485,0.110474,1.114492,22.221777786666486,172.51227153462924
7392,2024-12-20 16:50:11.510464,-0.52521,-0.444723,-0.52008,0.505862,-0.026458,0.681802,-0.078391,0.726842,-0.901334,0.006309,0.007696,0.43301,-2.681352,0.028006,10.714212,308.68240484396466,-52,208,-168.59758261420635,-171.4315024986941,2.837349194511138,9.96382807276562,-9.321731577667036,-179.5319663712788,143.09821494918228,-71.04433287683592,123.7747599387009,35.490675858524774,133.0165469549155,2.335965749232168,9.443962,1.066366,1.146137,22.221777786666486,172.51227153462924
7393,2024-12-20 16:50:11.527131,-0.523603,-0.43952,-0.527129,0.504778,-0.025958,0.679447,-0.08699,0.728086,-0.901379,0.005273,0.008039,0.432926,-2.232914,-0.529664,10.408824,308.69209588611,-52,207,-168.59758261420635,-171.4315024986941,2.837349194511138,9.96382807276562,-9.321731577667036,-179.5319663712788,143.09821494918228,-71.04433287683592,123.7747599387009,35.490675858524774,133.0165469549155,2.335965749232168,8.172029,0.923146,1.158744,22.221777786666486,172.51227153462924
7394,2024-12-20 16:50:11.543798,-0.522595,-0.433246,-0.533964,0.504062,-0.026799,0.680249,-0.095703,0.726211,-0.901422,0.004061,0.008377,0.432841,-1.569763,-0.821247,10.357654,308.70165678377765,-51,206,-168.59758261420635,-171.4315024986941,2.837349194511138,9.96382807276562,-9.321731577667036,-179.5319663712788,143.09821494918228,-71.04433287683592,123.7747599387009,35.490675858524774,133.0165469549155,2.335965749232168,9.252545,1.481906,1.151285,22.221777786666486,172.51227153462924
7395,2024-12-20 16:50:11.560465,-0.521775,-0.426777,-0.540579,0.503379,-0.027734,0.680662,-0.10519,0.724475,-0.901481,0.002807,0.008719,0.432722,-1.139691,0.267398,10.516085,308.7155472150464,-50,205,-168.59758261420635,-171.4315024986941,2.837349194511138,9.96382807276562,-9.321731577667036,-179.5319663712788,143.09821494918228,-71.04433287683592,123.7747599387009,35.490675858524774,133.0165469549155,2.335965749232168,9.529829,1.583935,1.408603,22.221777786666486,172.51227153462924
7396,2024-12-20 16:50:11.577132,-0.521107,-0.420208,-0.547147,0.502501,-0.028721,0.68175,-0.115014,0.721915,-0.90156,0.001909,0.008897,0.432559,-0.661164,1.342336,10.802087,308.7354395764605,-49,205,-168.59758261420635,-171.4315024986941,2.837349194511138,9.96382807276562,-9.321731577667036,-179.5319663712788,143.09821494918228,-71.04433287683592,123.7747599387009,35.490675858524774,133.0165469549155,2.335965749232168,6.832848,1.539573,1.758664,22.221777786666486,172.51227153462924
7397,2024-12-20 16:50:11.593799,-0.520354,-0.413856,-0.553677,0.501398,-0.029416,0.681834,-0.124364,0.720256,-0.901641,0.001426,0.008891,0.432392,0.435328,-0.342718,10.792477,308.75633468370853,-49,204,-168.59758261420635,-171.4315024986941,2.837349194511138,9.96382807276562,-9.321731577667036,-179.5319663712788,143.09821494918228,-71.04433287683592,123.7747599387009,35.490675858524774,133.0165469549155,2.335965749232168,3.712593,1.441054,1.828651,22.221777786666486,172.51227153462924
7398,2024-12-20 16:50:11.610466,-0.519661,-0.407542,-0.560256,0.499979,-0.029883,0.680995,-0.133208,0.719449,-0.901723,0.000546,0.00899,0.43222,0.922711,-0.329276,10.473363,308.7774576968667,-48,203,-168.59758261420635,-171.4315024986941,2.837349194511138,9.96382807276562,-9.321731577667036,-179.5319663712788,143.09821494918228,-71.04433287683592,123.7747599387009,35.490675858524774,133.0165469549155,2.335965749232168,6.491521,1.972953,1.830739,22.221777786666486,172.51227153462924
7399,2024-12-20 16:50:11.627133,-0.519359,-0.401,-0.566634,0.498392,-0.029995,0.67941,-0.14208,0.719245,-0.901817,-0.000162,0.009057,0.432023,0.930302,0.598192,10.475803,308.80194885325307,-47,202,-168.59758261420635,-171.4315024986941,2.837349194511138,9.96382807276562,-9.321731577667036,-179.5319663712788,143.09821494918228,-71.04433287683592,123.7747599387009,35.490675858524774,133.0165469549155,2.335965749232168,5.326668,1.665856,2.035012,22.221777786666486,172.51227153462924
7400,2024-12-20 16:50:11.643800,-0.519692,-0.394193,-0.572451,0.496827,-0.029312,0.677048,-0.150692,0.719748,-0.90191,-0.000829,0.009083,0.431828,0.993995,-0.176224,10.478337,308.8262804404879,-46,202,-168.59758261420635,-171.4315024986941,2.837349194511138,9.96382807276562,-9.321731577667036,-179.5319663712788,143.09821494918228,-71.04433287683592,123.7747599387009,35.490675858524774,133.0165469549155,2.335965749232168,4.950621,1.794304,2.018249,22.221777786666486,172.51227153462924
7401,2024-12-20 16:50:11.660467,-0.520595,-0.38722,-0.577865,0.495094,-0.028124,0.67429,-0.159114,0.720571,-0.902003,-0.002068,0.009292,0.431626,0.618136,-0.316822,10.348728,308.8509112381988,-45,201,-168.59758261420635,-171.4315024986941,2.837349194511138,9.96382807276562,-9.321731577667036,-179.5319663712788,143.09821494918228,-71.04433287683592,123.7747599387009,35.490675858524774,133.0165469549155,2.335965749232168,9.047565,2.356388,2.028699,22.221777786666486,172.51227153462924
7402,2024-12-20 16:50:11.677134,-0.522152,-0.380106,-0.58291,0.493048,-0.026381,0.671438,-0.167382,0.721427,-0.9021,-0.003283,0.009476,0.43141,0.444016,0.798639,10.010277,308.87731863499977,-44,200,-168.59758261420635,-171.4315024986941,2.837349194511138,9.96382807276562,-9.321731577667036,-179.5319663712788,143.09821494918228,-71.04433287683592,123.7747599387009,35.490675858524774,133.0165469549155,2.335965749232168,8.816208,2.448517,2.128807,22.221777786666486,172.51227153462924
7403,2024-12-20 16:50:11.693801,-0.524195,-0.372834,-0.587642,0.490812,-0.024294,0.668447,-0.175522,0.722343,-0.902191,-0.004196,0.009581,0.43121,0.604177,-0.025573,9.832351,308.9020554464474,-44,199,-168.59758261420635,-171.4315024986941,2.837349194511138,9.96382807276562,-9.321731577667036,-179.5319663712788,143.09821494918228,-71.04433287683592,123.7747599387009,35.490675858524774,133.0165469549155,2.335965749232168,6.716131,2.039456,2.028302,22.221777786666486,172.51227153462924
7404,2024-12-20 16:50:11.710468,-0.526827,-0.365344,-0.592046,0.488327,-0.02216,0.665459,-0.18346,0.723197,-0.90227,-0.00545,0.009843,0.431025,0.853145,-0.256351,9.917169,308.9244316997027,-43,198,-168.59758261420635,-171.4315024986941,2.837349194511138,9.96382807276562,-9.321731577667036,-179.5319663712788,143.09821494918228,-71.04433287683592,123.7747599387009,35.490675858524774,133.0165469549155,2.335965749232168,9.292578,2.076633,1.88167,22.221777786666486,172.51227153462924
7405,2024-12-20 16:50:11.727135,-0.529689,-0.357965,-0.596503,0.485262,-0.019693,0.662281,-0.191209,0.724178,-0.902347,-0.006496,0.010036,0.430844,0.580947,1.343104,9.809646,308.94650477937574,-42,198,-168.59758261420635,-171.4315024986941,2.837349194511138,9.96382807276562,-9.321731577667036,-179.5319663712788,143.09821494918228,-71.04433287683592,123.7747599387009,35.490675858524774,133.0165469549155,2.335965749232168,7.795233,1.885537,1.867057,22.221777786666486,172.51227153462924
7406,2024-12-20 16:50:11.743802,-0.532748,-0.350713,-0.600863,0.481818,-0.016958,0.659375,-0.198893,0.724829,-0.902436,-0.006973,0.01008,0.430649,0.675306,0.489811,9.505836,308.9709436724712,-41,197,-168.59758261420635,-171.4315024986941,2.837349194511138,9.96382807276562,-9.321731577667036,-179.5319663712788,143.09821494918228,-71.04433287683592,123.7747599387009,35.490675858524774,133.0165469549155,2.335965749232168,3.827209,1.122944,2.017442,22.221777786666486,172.51227153462924
7407,2024-12-20 16:50:11.760469,-0.53612,-0.343634,-0.604999,0.477987,-0.013874,0.65654,-0.206597,0.725313,-0.902496,-0.007737,0.010285,0.430506,0.585734,-0.416288,9.294786,308.98833876300984,-40,196,-168.59758261420635,-171.4315024986941,2.837349194511138,9.96382807276562,-9.321731577667036,-179.5319663712788,143.09821494918228,-71.04433287683592,123.7747599387009,35.490675858524774,133.0165469549155,2.335965749232168,6.081576,0.977938,1.601223,22.221777786666486,172.51227153462924
7408,2024-12-20 16:50:11.777136,-0.539784,-0.336839,-0.60902,0.473573,-0.010422,0.653807,-0.214369,0.725584,-0.902546,-0.008382,0.010477,0.430386,0.503132,0.95187,9.274538,309.00290754973037,-38,195,-168.59758261420635,-171.4315024986941,2.837349194511138,9.96382807276562,-9.321731577667036,-179.5319663712788,143.09821494918228,-71.04433287683592,123.7747599387009,35.490675858524774,133.0165469549155,2.335965749232168,5.299889,0.702332,1.430463,22.221777786666486,172.51227153462924
7409,2024-12-20 16:50:11.793803,-0.544087,-0.330101,-0.612748,0.468557,-0.006503,0.651139,-0.222192,0.725675,-0.902583,-0.008774,0.010638,0.430294,0.641682,0.479381,9.308989,309.0139979571826,-37,194,-168.59758261420635,-171.4315024986941,2.837349194511138,9.96382807276562,-9.321731577667036,-179.5319663712788,143.09821494918228,-71.04433287683592,123.7747599387009,35.490675858524774,133.0165469549155,2.335965749232168,3.638316,0.146281,1.233552,22.221777786666486,172.51227153462924
7410,2024-12-20 16:50:11.810470,-0.548973,-0.323308,-0.616166,0.463081,-0.002017,0.648236,-0.230053,0.725851,-0.902604,-0.009178,0.010846,0.430237,0.700499,0.077632,9.379623,309.02060536661486,-36,193,-168.59758261420635,-171.4315024986941,2.837349194511138,9.96382807276562,-9.321731577667036,-179.5319663712788,143.09821494918228,-71.04433287683592,123.7747599387009,35.490675858524774,133.0165469549155,2.335965749232168,3.855769,-0.119714,0.973084,22.221777786666486,172.51227153462924
7411,2024-12-20 16:50:11.827137,-0.554231,-0.316757,-0.619286,0.457145,0.002896,0.645242,-0.237987,0.725958,-0.902609,-0.009417,0.01098,0.430218,0.739946,0.773766,9.19528,309.02260670691805,-35,192,-168.59758261420635,-171.4315024986941,2.837349194511138,9.96382807276562,-9.321731577667036,-179.5319663712788,143.09821494918228,-71.04433287683592,123.7747599387009,35.490675858524774,133.0165469549155,2.335965749232168,2.604113,-0.14329,0.701986,22.221777786666486,172.51227153462924
7412,2024-12-20 16:50:11.843804,-0.559661,-0.310428,-0.622215,0.450851,0.00815,0.642338,-0.245928,0.725847,-0.90261,-0.009234,0.011036,0.430219,0.985482,0.239265,9.280608,309.0224534438067,-34,191,-168.59758261420635,-171.4315024986941,2.837349194511138,9.96382807276562,-9.321731577667036,-179.5319663712788,143.09821494918228,-71.04433287683592,123.7747599387009,35.490675858524774,133.0165469549155,2.335965749232168,-0.245114,-0.91276,0.585231,22.221777786666486,172.51227153462924
7413,2024-12-20 16:50:11.860471,-0.564847,-0.304714,-0.625287,0.443979,0.013703,0.639433,-0.253922,0.725575,-0.902602,-0.00903,0.011071,0.43024,1.385696,0.293813,9.501953,309.0198261611504,-32,190,-168.59758261420635,-171.4315024986941,2.837349194511138,9.96382807276562,-9.321731577667036,-179.5319663712788,143.09821494918228,-71.04433287683592,123.7747599387009,35.490675858524774,133.0165469549155,2.335965749232168,-0.437273,-0.848805,0.438317,22.221777786666486,172.51227153462924
7414,2024-12-20 16:50:11.877138,-0.570203,-0.299138,-0.628204,0.436748,0.019502,0.636544,-0.261892,0.72515,-0.902584,-0.008752,0.011092,0.430281,1.679157,0.590092,9.590954,309.0146656991784,-31,188,-168.59758261420635,-171.4315024986941,2.837349194511138,9.96382807276562,-9.321731577667036,-179.5319663712788,143.09821494918228,-71.04433287683592,123.7747599387009,35.490675858524774,133.0165469549155,2.335965749232168,-0.939666,-0.974154,0.288508,22.221777786666486,172.51227153462924
7415,2024-12-20 16:50:11.893805,-0.57584,-0.29353,-0.63092,0.429177,0.025589,0.633727,-0.26973,0.724555,-0.902557,-0.00837,0.011074,0.430347,1.589388,0.044563,9.607113,309.00655063363786,-30,187,-168.59758261420635,-171.4315024986941,2.837349194511138,9.96382807276562,-9.321731577667036,-179.5319663712788,143.09821494918228,-71.04433287683592,123.7747599387009,35.490675858524774,133.0165469549155,2.335965749232168,-1.698711,-1.046791,0.116531,22.221777786666486,172.51227153462924
7416,2024-12-20 16:50:11.910472,-0.581973,-0.287632,-0.633246,0.421403,0.032006,0.630908,-0.277506,0.723822,-0.902517,-0.008192,0.01111,0.430434,1.227773,0.081702,9.654444,308.9955332329302,-29,186,-168.59758261420635,-171.4315024986941,2.837349194511138,9.96382807276562,-9.321731577667036,-179.5319663712788,143.09821494918228,-71.04433287683592,123.7747599387009,35.490675858524774,133.0165469549155,2.335965749232168,-0.280216,-0.772479,-0.070192,22.221777786666486,172.51227153462924
7417,2024-12-20 16:50:11.927139,-0.587888,-0.281915,-0.635781,0.413157,0.038812,0.628058,-0.2852,0.722977,-0.902467,-0.00808,0.011181,0.430538,0.890653,0.303082,9.860978,308.9822068220571,-27,185,-168.59758261420635,-171.4315024986941,2.837349194511138,9.96382807276562,-9.321731577667036,-179.5319663712788,143.09821494918228,-71.04433287683592,123.7747599387009,35.490675858524774,133.0165469549155,2.335965749232168,0.231904,-0.804277,-0.205926,22.221777786666486,172.51227153462924
7418,2024-12-20 16:50:11.943806,-0.593917,-0.276058,-0.638284,0.404541,0.046131,0.624959,-0.292771,0.722206,-0.902413,-0.00812,0.011264,0.430648,0.773532,0.210295,10.071786,308.9680308101425,-26,184,-168.59758261420635,-171.4315024986941,2.837349194511138,9.96382807276562,-9.321731577667036,-179.5319663712788,143.09821494918228,-71.04433287683592,123.7747599387009,35.490675858524774,133.0165469549155,2.335965749232168,1.218031,-0.418409,-0.26878,22.221777786666486,172.51227153462924
7419,2024-12-20 16:50:11.960473,-0.599606,-0.270258,-0.641084,0.395537,0.053975,0.62153,-0.30026,0.721546,-0.902346,-0.008283,0.011332,0.430783,0.536878,0.164229,9.872643,308.95064044568073,-24,182,-168.59758261420635,-171.4315024986941,2.837349194511138,9.96382807276562,-9.321731577667036,-179.5319663712788,143.09821494918228,-71.04433287683592,123.7747599387009,35.490675858524774,133.0165469549155,2.335965749232168,1.933253,0.027527,-0.47459,22.221777786666486,172.51227153462924
7420,2024-12-20 16:50:11.977140,-0.605207,-0.264293,-0.6439,0.386357,0.06231,0.617853,-0.307717,0.720891,-0.902266,-0.008506,0.011426,0.430946,0.602474,0.390122,9.83465,308.9296669562688,-23,181,-168.59758261420635,-171.4315024986941,2.837349194511138,9.96382807276562,-9.321731577667036,-179.5319663712788,143.09821494918228,-71.04433287683592,123.7747599387009,35.490675858524774,133.0165469549155,2.335965749232168,2.3752,0.048222,-0.684666,22.221777786666486,172.51227153462924
7421,2024-12-20 16:50:11.993807,-0.61101,-0.257968,-0.646448,0.377132,0.071012,0.614087,-0.31513,0.720101,-0.902176,-0.008754,0.011479,0.431126,1.040477,0.438429,10.022336,308.9065091641528,-21,180,-168.59758261420635,-171.4315024986941,2.837349194511138,9.96382807276562,-9.321731577667036,-179.5319663712788,143.09821494918228,-71.04433287683592,123.7747599387009,35.490675858524774,133.0165469549155,2.335965749232168,2.407203,0.373542,-0.825036,22.221777786666486,172.51227153462924
7422,2024-12-20 16:50:12.010474,-0.617,-0.251318,-0.648743,0.367814,0.079943,0.610371,-0.322425,0.719094,-0.902084,-0.009035,0.011504,0.431312,1.328869,0.597265,10.059426,308.88268189827494,-20,178,-168.59758261420635,-171.4315024986941,2.837349194511138,9.96382807276562,-9.321731577667036,-179.5319663712788,143.09821494918228,-71.04433287683592,123.7747599387009,35.490675858524774,133.0165469549155,2.335965749232168,2.533179,0.644268,-0.879886,22.221777786666486,172.51227153462924
7423,2024-12-20 16:50:12.027141,-0.62322,-0.244328,-0.650759,0.358355,0.089094,0.606676,-0.329635,0.717875,-0.90198,-0.009325,0.011525,0.431524,1.419312,0.43312,9.901163,308.85558670590495,-18,177,-168.59758261420635,-171.4315024986941,2.837349194511138,9.96382807276562,-9.321731577667036,-179.5319663712788,143.09821494918228,-71.04433287683592,123.7747599387009,35.490675858524774,133.0165469549155,2.335965749232168,2.576144,0.696608,-1.075695,22.221777786666486,172.51227153462924
7424,2024-12-20 16:50:12.043808,-0.629368,-0.237233,-0.652736,0.348649,0.098524,0.602804,-0.336821,0.716568,-0.901861,-0.009517,0.011446,0.431771,1.511651,0.601473,9.752078,308.82430750545313,-17,175,-168.59758261420635,-171.4315024986941,2.837349194511138,9.96382807276562,-9.321731577667036,-179.5319663712788,143.09821494918228,-71.04433287683592,123.7747599387009,35.490675858524774,133.0165469549155,2.335965749232168,1.671427,1.019251,-1.329414,22.221777786666486,172.51227153462924
7425,2024-12-20 16:50:12.060475,-0.635507,-0.229964,-0.654598,0.338753,0.108134,0.598888,-0.344012,0.715049,-0.901731,-0.009593,0.011363,0.432042,1.677907,0.690458,9.764274,308.7900102786849,-15,174,-168.59758261420635,-171.4315024986941,2.837349194511138,9.96382807276562,-9.321731577667036,-179.5319663712788,143.09821494918228,-71.04433287683592,123.7747599387009,35.490675858524774,133.0165469549155,2.335965749232168,0.935369,0.69931,-1.508178,22.221777786666486,172.51227153462924
7426,2024-12-20 16:50:12.077142,-0.64145,-0.22265,-0.656509,0.328587,0.118059,0.594675,-0.351179,0.71351,-0.901597,-0.009595,0.01122,0.432325,1.777961,0.717058,9.874577,308.75437378909237,-14,172,-168.59758261420635,-171.4315024986941,2.837349194511138,9.96382807276562,-9.321731577667036,-179.5319663712788,143.09821494918228,-71.04433287683592,123.7747599387009,35.490675858524774,133.0165469549155,2.335965749232168,0.297664,0.857468,-1.591061,22.221777786666486,172.51227153462924
7427,2024-12-20 16:50:12.093809,-0.647307,-0.215183,-0.658337,0.318255,0.128416,0.589921,-0.358251,0.712149,-0.901446,-0.009569,0.011077,0.432644,1.795588,0.711502,9.888083,308.7141720078563,-12,171,-168.59758261420635,-171.4315024986941,2.837349194511138,9.96382807276562,-9.321731577667036,-179.5319663712788,143.09821494918228,-71.04433287683592,123.7747599387009,35.490675858524774,133.0165469549155,2.335965749232168,0.122973,0.766838,-1.865027,22.221777786666486,172.51227153462924
7428,2024-12-20 16:50:12.110476,-0.653164,-0.207524,-0.659984,0.307792,0.139145,0.584747,-0.365318,0.71081,-0.901284,-0.009458,0.010931,0.432988,1.903957,0.566847,9.83297,308.67083931544516,-11,170,-168.59758261420635,-171.4315024986941,2.837349194511138,9.96382807276562,-9.321731577667036,-179.5319663712788,143.09821494918228,-71.04433287683592,123.7747599387009,35.490675858524774,133.0165469549155,2.335965749232168,-0.414682,0.532392,-2.043355,22.221777786666486,172.51227153462924
7429,2024-12-20 16:50:12.127143,-0.659301,-0.199522,-0.661213,0.297178,0.150282,0.579221,-0.372433,0.709373,-0.90111,-0.009295,0.010758,0.433357,2.169171,0.491974,9.859838,308.6243665811735,-9,168,-168.59758261420635,-171.4315024986941,2.837349194511138,9.96382807276562,-9.321731577667036,-179.5319663712788,143.09821494918228,-71.04433287683592,123.7747599387009,35.490675858524774,133.0165469549155,2.335965749232168,-0.821079,0.548618,-2.230533,22.221777786666486,172.51227153462924
7430,2024-12-20 16:50:12.143810,-0.665596,-0.191223,-0.662132,0.286358,0.161775,0.573424,-0.379532,0.707791,-0.900934,-0.009226,0.010634,0.433728,2.262601,0.379444,9.850513,308.5775107603765,-7,166,-168.59758261420635,-171.4315024986941,2.837349194511138,9.96382807276562,-9.321731577667036,-179.5319663712788,143.09821494918228,-71.04433287683592,123.7747599387009,35.490675858524774,133.0165469549155,2.335965749232168,-0.088569,0.519086,-2.264137,22.221777786666486,172.51227153462924
7431,2024-12-20 16:50:12.160477,-0.672446,-0.182396,-0.662373,0.275346,0.173561,0.567454,-0.386571,0.705998,-0.900759,-0.009193,0.010522,0.434095,2.275764,0.21436,9.954985,308.53109884528743,-5,165,-168.59758261420635,-171.4315024986941,2.837349194511138,9.96382807276562,-9.321731577667036,-179.5319663712788,143.09821494918228,-71.04433287683592,123.7747599387009,35.490675858524774,133.0165469549155,2.335965749232168,0.170408,0.558479,-2.233376,22.221777786666486,172.51227153462924
7432,2024-12-20 16:50:12.177144,-0.678362,-0.173733,-0.663322,0.263913,0.185706,0.561317,-0.393458,0.704007,-0.900581,-0.009344,0.010452,0.434463,1.899227,0.005868,10.008302,308.48438165753913,-4,163,-168.59758261420635,-171.4315024986941,2.837349194511138,9.96382807276562,-9.321731577667036,-179.5319663712788,143.09821494918228,-71.04433287683592,123.7747599387009,35.490675858524774,133.0165469549155,2.335965749232168,1.431641,0.851949,-2.255275,22.221777786666486,172.51227153462924
7433,2024-12-20 16:50:12.193811,-0.683669,-0.165101,-0.664585,0.252329,0.198044,0.555419,-0.400374,0.701418,-0.900411,-0.009525,0.010386,0.434811,1.733607,-0.074571,9.92391,308.4401272181447,-2,161,-168.59758261420635,-171.4315024986941,2.837349194511138,9.96382807276562,-9.321731577667036,-179.5319663712788,143.09821494918228,-71.04433287683592,123.7747599387009,35.49064210990363,133.01656569099936,3.015838418583644,1.627988,0.916326,-2.114277,22.221777786666486,172.51227153462924
7434,2024-12-20 16:50:12.210478,-0.688409,-0.156581,-0.66604,0.24077,0.210508,0.549894,-0.407395,0.698091,-0.900251,-0.009641,0.010284,0.435143,1.841946,0.062028,9.982909,308.398075967183,0,160,-168.59758261420635,-171.4315024986941,2.837349194511138,9.96382807276562,-9.321731577667036,-179.5319663712788,143.09821494918228,-71.04433287683592,123.7747599387009,35.49064210990363,133.01656569099936,3.015838418583644,1.124827,0.950314,-1.981527,22.221777786666486,172.51227153462924
7435,2024-12-20 16:50:12.227145,-0.692887,-0.148009,-0.667376,0.229376,0.222901,0.544853,-0.41448,0.694014,-0.900113,-0.009752,0.010169,0.435428,2.138795,-0.064798,10.071605,308.3619929382498,1,158,-168.59758261420635,-171.4315024986941,2.837349194511138,9.96382807276562,-9.321731577667036,-179.5319663712788,143.09821494918228,-71.04433287683592,123.7747599387009,35.49064210990363,133.01656569099936,3.015838418583644,1.055903,1.019187,-1.626214,22.221777786666486,172.51227153462924
7436,2024-12-20 16:50:12.243812,-0.697489,-0.139159,-0.66827,0.218088,0.235217,0.540048,-0.421307,0.689579,-0.899998,-0.009926,0.010098,0.435665,2.469001,-0.316774,10.148458,308.33195082756424,2,156,-168.59758261420635,-171.4315024986941,2.837349194511138,9.96382807276562,-9.321731577667036,-179.5319663712788,143.09821494918228,-71.04433287683592,123.7747599387009,35.49064210990363,133.01656569099936,3.015838418583644,1.578351,0.944833,-1.268712,22.221777786666486,172.51227153462924
7437,2024-12-20 16:50:12.260479,-0.702122,-0.129977,-0.668844,0.206839,0.247427,0.535433,-0.427758,0.684918,-0.899897,-0.010212,0.010073,0.435867,2.425102,-0.35453,10.169347,308.306169205362,4,155,-168.59758261420635,-171.4315024986941,2.837349194511138,9.96382807276562,-9.321731577667036,-179.5319663712788,143.09821494918228,-71.04433287683592,123.7747599387009,35.49064210990363,133.01656569099936,3.015838418583644,2.408279,0.994829,-1.007885,22.221777786666486,172.51227153462924
7438,2024-12-20 16:50:12.277146,-0.706259,-0.120788,-0.669642,0.195427,0.259366,0.531282,-0.433957,0.679815,-0.899824,-0.010443,0.010022,0.436012,2.162106,-0.184481,10.078424,308.2877030188822,6,153,-168.59758261420635,-171.4315024986941,2.837349194511138,9.96382807276562,-9.321731577667036,-179.5319663712788,143.09821494918228,-71.04433287683592,123.7747599387009,35.49064210990363,133.01656569099936,3.015838418583644,1.997221,1.00501,-0.580435,22.221777786666486,172.51227153462924
7439,2024-12-20 16:50:12.293813,-0.709746,-0.111416,-0.670857,0.183853,0.271009,0.527618,-0.440022,0.674205,-0.899772,-0.010588,0.009915,0.43612,1.892311,-0.175381,10.03455,308.2741786535459,8,151,-168.59758261420635,-171.4315024986941,2.837349194511138,9.96382807276562,-9.321731577667036,-179.5319663712788,143.09821494918228,-71.04433287683592,123.7747599387009,35.49064210990363,133.01656569099936,3.015838418583644,1.296291,1.094066,-0.278039,22.221777786666486,172.51227153462924
7440,2024-12-20 16:50:12.310480,-0.713017,-0.102003,-0.671978,0.172202,0.282116,0.524695,-0.446143,0.667878,-0.899739,-0.01071,0.009768,0.436188,2.01676,0.093453,10.0442,308.26579085893417,9,150,-168.59758261420635,-171.4315024986941,2.837349194511138,9.96382807276562,-9.321731577667036,-179.5319663712788,143.09821494918228,-71.04433287683592,123.7747599387009,35.49064210990363,133.01656569099936,3.015838418583644,1.036066,1.284483,0.022712,22.221777786666486,172.51227153462924
7441,2024-12-20 16:50:12.327147,-0.716346,-0.092498,-0.672709,0.160496,0.292548,0.522634,-0.452565,0.660646,-0.899724,-0.01074,0.009545,0.436222,1.862435,0.254874,9.871012,308.2619073780094,11,148,-168.59758261420635,-171.4315024986941,2.837349194511138,9.96382807276562,-9.321731577667036,-179.5319663712788,143.09821494918228,-71.04433287683592,123.7747599387009,35.49064210990363,133.01656569099936,3.015838418583644,0.243942,1.481112,0.291005,22.221777786666486,172.51227153462924
7442,2024-12-20 16:50:12.343814,-0.719944,-0.082892,-0.672804,0.148823,0.302317,0.521266,-0.459583,0.652432,-0.899718,-0.010462,0.009163,0.43625,1.583561,1.195281,9.64593,308.2592488555374,13,146,-168.59758261420635,-171.4315024986941,2.837349194511138,9.96382807276562,-9.321731577667036,-179.5319663712788,143.09821494918228,-71.04433287683592,123.7747599387009,35.49064210990363,133.01656569099936,3.015838418583644,-2.148035,1.541327,0.364437,22.221777786666486,172.51227153462924
7443,2024-12-20 16:50:12.360481,-0.723503,-0.073478,-0.672541,0.137247,0.311536,0.520152,-0.467172,0.643534,-0.899718,-0.00958,0.008571,0.436283,1.306889,1.014096,9.719608,308.2564995277685,15,145,-168.59758261420635,-171.4315024986941,2.837349194511138,9.96382807276562,-9.321731577667036,-179.5319663712788,143.09821494918228,-71.04433287683592,123.7747599387009,35.49064210990363,133.01656569099936,3.015838418583644,-6.509801,1.03823,0.366614,22.221777786666486,172.51227153462924
7444,2024-12-20 16:50:12.377148,-0.726713,-0.064269,-0.672274,0.125734,0.320807,0.518443,-0.474789,0.634723,-0.899706,-0.008536,0.007942,0.43634,1.137764,0.779938,10.001485,308.2506550400393,16,143,-168.59758261420635,-171.4315024986941,2.837349194511138,9.96382807276562,-9.321731577667036,-179.5319663712788,143.09821494918228,-71.04433287683592,123.7747599387009,35.49064210990363,133.01656569099936,3.015838418583644,-7.622341,0.773805,0.192793,22.221777786666486,172.51227153462924
7445,2024-12-20 16:50:12.393815,-0.728956,-0.055675,-0.672674,0.114185,0.330457,0.515636,-0.482023,0.626554,-0.899698,-0.007096,0.007247,0.436395,0.913384,0.955128,10.139684,308.2452078886305,18,141,-168.59758261420635,-171.4315024986941,2.837349194511138,9.96382807276562,-9.321731577667036,-179.5319663712788,143.09821494918228,-71.04433287683592,123.7747599387009,35.49064210990363,133.01656569099936,3.015838418583644,-10.275269,-0.00397,0.231238,22.221777786666486,172.51227153462924
7446,2024-12-20 16:50:12.410482,-0.729522,-0.047116,-0.674462,0.10336,0.340599,0.511557,-0.488683,0.619265,-0.899695,-0.005594,0.006584,0.436434,0.539003,0.316746,10.107528,308.24162718091264,20,139,-168.59758261420635,-171.4315024986941,2.837349194511138,9.96382807276562,-9.321731577667036,-179.5319663712788,143.09821494918228,-71.04433287683592,123.7747599387009,35.49064210990363,133.01656569099936,3.015838418583644,-10.55921,-0.3898,0.348237,22.221777786666486,172.51227153462924
7447,2024-12-20 16:50:12.427149,-0.729646,-0.039003,-0.676427,0.09244,0.351523,0.505976,-0.494457,0.613132,-0.899678,-0.003673,0.005734,0.4365,0.427195,0.111373,9.78435,308.2347609836237,21,138,-168.59758261420635,-171.4315024986941,2.837349194511138,9.96382807276562,-9.321731577667036,-179.5319663712788,143.09821494918228,-71.04433287683592,123.7747599387009,35.49064210990363,133.01656569099936,3.015838418583644,-13.710077,-0.486193,0.14815,22.221777786666486,172.51227153462924
7448,2024-12-20 16:50:12.443816,-0.730346,-0.030579,-0.677473,0.08182,0.36314,0.499062,-0.499376,0.60802,-0.899657,-0.001794,0.004901,0.436567,0.093028,-0.273645,9.695319,308.22760942489725,23,136,-168.59758261420635,-171.4315024986941,2.837349194511138,9.96382807276562,-9.321731577667036,-179.5319663712788,143.09821494918228,-71.04433287683592,123.7747599387009,35.49064210990363,133.01656569099936,3.015838418583644,-13.402108,-0.466856,0.137265,22.221777786666486,172.51227153462924
7449,2024-12-20 16:50:12.460483,-0.731881,-0.022262,-0.677314,0.07145,0.375707,0.49065,-0.503196,0.604068,-0.899645,5.5e-05,0.004011,0.436604,0.144317,-0.366949,9.653018,308.2240459246797,24,135,-168.59758261420635,-171.4315024986941,2.837349194511138,9.96382807276562,-9.321731577667036,-179.5319663712788,143.09821494918228,-71.04433287683592,123.7747599387009,35.49064210990363,133.01656569099936,3.015838418583644,-13.392954,-0.024639,0.343127,22.221777786666486,172.51227153462924
7450,2024-12-20 16:50:12.477150,-0.732964,-0.014089,-0.677378,0.061059,0.38889,0.481386,-0.506011,0.600819,-0.89964,0.001632,0.003203,0.436618,0.453266,-0.678322,9.737228,308.2230895611546,26,133,-168.59758261420635,-171.4315024986941,2.837349194511138,9.96382807276562,-9.321731577667036,-179.5319663712788,143.09821494918228,-71.04433287683592,123.7747599387009,35.49064210990363,133.01656569099936,3.015838418583644,-11.458322,0.285972,0.498929,22.221777786666486,172.51227153462924
7451,2024-12-20 16:50:12.493817,-0.731932,-0.006238,-0.679433,0.051103,0.402932,0.471238,-0.507674,0.598202,-0.899627,0.002979,0.002464,0.436642,0.380056,-0.294096,9.539738,308.2205827765257,27,131,-168.59758261420635,-171.4315024986941,2.837349194511138,9.96382807276562,-9.321731577667036,-179.5319663712788,143.09821494918228,-71.04433287683592,123.7747599387009,35.49064210990363,133.01656569099936,3.015838418583644,-9.821781,0.549373,0.405827,22.221777786666486,172.51227153462924
7452,2024-12-20 16:50:12.510484,-0.727203,0.00099,-0.685149,0.041848,0.417641,0.460501,-0.508395,0.595858,-0.899607,0.004412,0.001727,0.436674,0.258286,-0.332009,9.433241,308.21691871683663,29,130,-168.59758261420635,-171.4315024986941,2.837349194511138,9.96382807276562,-9.321731577667036,-179.5319663712788,143.09821494918228,-71.04433287683592,123.7747599387009,35.49064210990363,133.01656569099936,3.015838418583644,-10.358163,0.278045,0.338939,22.221777786666486,172.51227153462924
7453,2024-12-20 16:50:12.527151,-0.722845,0.007888,-0.690167,0.03327,0.43292,0.449365,-0.508209,0.59361,-0.899578,0.005666,0.001181,0.436721,0.445014,-0.030985,9.643972,308.21119696809416,30,128,-168.59758261420635,-171.4315024986941,2.837349194511138,9.96382807276562,-9.321731577667036,-179.5319663712788,143.09821494918228,-71.04433287683592,123.7747599387009,35.49064210990363,133.01656569099936,3.015838418583644,-8.670977,-0.3642,0.203064,22.221777786666486,172.51227153462924
7454,2024-12-20 16:50:12.543818,-0.715631,0.014841,-0.697861,0.025445,0.447663,0.439153,-0.507917,0.59056,-0.899558,0.006425,0.000942,0.436753,0.630149,-0.488299,9.924282,308.2072879964201,31,127,-168.59758261420635,-171.4315024986941,2.837349194511138,9.96382807276562,-9.321731577667036,-179.5319663712788,143.09821494918228,-71.04433287683592,123.7747599387009,35.49064210990363,133.01656569099936,3.015838418583644,-4.691338,-0.777141,0.321817,22.221777786666486,172.51227153462924
7455,2024-12-20 16:50:12.560485,-0.700504,0.021234,-0.71309,0.018697,0.460247,0.430493,-0.50879,0.586498,-0.899541,0.006985,0.000845,0.43678,-0.847563,-0.174815,9.815099,308.2039891695278,32,125,-168.59758261420635,-171.4315024986941,2.837349194511138,9.96382807276562,-9.321731577667036,-179.5319663712788,143.09821494918228,-71.04433287683592,123.7747599387009,35.49064210990363,133.01656569099936,3.015838418583644,-3.033619,-1.05751,0.343421,22.221777786666486,172.51227153462924
7456,2024-12-20 16:50:12.577152,-0.673201,0.026432,-0.738857,0.014028,0.47126,0.424186,-0.510911,0.580473,-0.899524,0.00763,0.000808,0.436805,-0.494671,-0.106018,9.817338,308.2010070416202,33,124,-168.59758261420635,-171.4315024986941,2.837349194511138,9.96382807276562,-9.321731577667036,-179.5319663712788,143.09821494918228,-71.04433287683592,123.7747599387009,35.49064210990363,133.01656569099936,3.015838418583644,-3.374434,-1.681589,0.356561,22.221777786666486,172.51227153462924
7457,2024-12-20 16:50:12.593819,-0.631531,0.030477,-0.774662,0.011945,0.480401,0.419432,-0.514243,0.573449,-0.899501,0.00814,0.000839,0.436842,-0.583644,-1.446561,10.031464,308.19644870910764,34,123,-168.59758261420635,-171.4315024986941,2.837349194511138,9.96382807276562,-9.321731577667036,-179.5319663712788,143.09821494918228,-71.04433287683592,123.7747599387009,35.49064210990363,133.01656569099936,3.015838418583644,-2.342499,-1.697917,0.265649,22.221777786666486,172.51227153462924
7458,2024-12-20 16:50:12.610486,-0.579116,0.033605,-0.814459,0.012526,0.487659,0.416336,-0.518687,0.565521,-0.899508,0.008393,0.00085,0.436823,0.199452,0.40882,10.099504,308.1989667484514,34,121,-168.59758261420635,-171.4315024986941,2.837349194511138,9.96382807276562,-9.321731577667036,-179.5319663712788,143.09821494918228,-71.04433287683592,123.7747599387009,35.49064210990363,133.01656569099936,3.015838418583644,-0.800282,-0.809374,0.697325,22.221777786666486,172.51227153462924
7459,2024-12-20 16:50:12.627153,-0.520178,0.036087,-0.853167,0.014947,0.491932,0.416215,-0.525517,0.555516,-0.89952,0.00888,0.000752,0.436788,0.701598,0.015196,10.201306,308.20352878925576,35,120,-168.59758261420635,-171.4315024986941,2.837349194511138,9.96382807276562,-9.321731577667036,-179.5319663712788,143.09821494918228,-71.04433287683592,123.7747599387009,35.49064210990363,133.01656569099936,3.015838418583644,-2.582554,-0.835512,0.820881,22.221777786666486,172.51227153462924
7460,2024-12-20 16:50:12.643820,-0.458158,0.038256,-0.887857,0.018478,0.491307,0.420138,-0.536178,0.542783,-0.899534,0.009644,0.000427,0.436745,-0.091047,-0.370563,10.116703,308.2091351360206,35,119,-168.59758261420635,-171.4315024986941,2.837349194511138,9.96382807276562,-9.321731577667036,-179.5319663712788,143.09821494918228,-71.04433287683592,123.7747599387009,35.49064210990363,133.01656569099936,3.015838418583644,-4.97487,-0.264656,0.886334,22.221777786666486,172.51227153462924
7461,2024-12-20 16:50:12.660487,-0.397267,0.03978,-0.916554,0.023003,0.484841,0.428689,-0.551633,0.526169,-0.899537,0.0096,0.000413,0.436738,-0.388248,-0.387325,10.12417,308.20995841982676,35,117,-168.59758261420635,-171.4315024986941,2.837349194511138,9.96382807276562,-9.321731577667036,-179.5319663712788,143.09821494918228,-71.04433287683592,123.7747599387009,35.49064210990363,133.01656569099936,3.015838418583644,0.953042,0.240471,0.610792,22.221777786666486,172.51227153462924
7462,2024-12-20 16:50:12.677154,-0.342041,0.040448,-0.938409,0.027632,0.4691,0.443677,-0.574182,0.503396,-0.89955,0.009864,0.000153,0.436706,-0.215855,0.695426,10.084657,308.2139716417645,35,116,-168.59758261420635,-171.4315024986941,2.837349194511138,9.96382807276562,-9.321731577667036,-179.5319663712788,143.09821494918228,-71.04433287683592,123.7747599387009,35.49064210990363,133.01656569099936,3.015838418583644,-1.69209,0.836159,0.8149,22.221777786666486,172.51227153462924
7463,2024-12-20 16:50:12.693821,-0.289512,0.03987,-0.955799,0.032336,0.441398,0.465631,-0.60397,0.472836,-0.899568,0.009976,0.000142,0.436667,-0.19908,-0.581362,10.248362,308.2189863840681,35,115,-168.59758261420635,-171.4315024986941,2.837349194511138,9.96382807276562,-9.321731577667036,-179.5319663712788,143.09821494918228,-71.04433287683592,123.7747599387009,35.49064210990363,133.01656569099936,3.015838418583644,0.003759,-0.248687,0.855791,22.221777786666486,172.51227153462924
7464,2024-12-20 16:50:12.710488,-0.241463,0.038093,-0.968958,0.037006,0.40118,0.492907,-0.638757,0.433688,-0.899588,0.00984,0.000131,0.436628,-0.454718,-0.47655,10.196033,308.22387735302834,35,114,-168.59758261420635,-171.4315024986941,2.837349194511138,9.96382807276562,-9.321731577667036,-179.5319663712788,143.09821494918228,-71.04433287683592,123.7747599387009,35.49064210990363,133.01656569099936,3.015838418583644,1.533144,0.494754,0.853844,22.221777786666486,172.51227153462924
7465,2024-12-20 16:50:12.727155,-0.198925,0.035261,-0.9785,0.041562,0.350062,0.521769,-0.674898,0.386941,-0.899607,0.009711,0.000261,0.436593,0.189473,-0.440948,10.032061,308.228408643643,35,113,-168.59758261420635,-171.4315024986941,2.837349194511138,9.96382807276562,-9.321731577667036,-179.5319663712788,143.09821494918228,-71.04433287683592,123.7747599387009,35.49064210990363,133.01656569099936,3.015838418583644,1.908306,-0.397778,0.816962,22.221777786666486,172.51227153462924
7466,2024-12-20 16:50:12.743822,-0.163706,0.031589,-0.984958,0.045434,0.292625,0.548137,-0.707738,0.336187,-0.899641,0.00928,0.00048,0.436532,0.41812,-0.272303,9.781446,308.23615872083576,35,112,-168.59758261420635,-171.4315024986941,2.837349194511138,9.96382807276562,-9.321731577667036,-179.5319663712788,143.09821494918228,-71.04433287683592,123.7747599387009,35.49064210990363,133.01656569099936,3.015838418583644,4.056085,-0.044873,1.027972,22.221777786666486,172.51227153462924
7467,2024-12-20 16:50:12.760489,-0.131408,0.027104,-0.989751,0.048927,0.238169,0.56786,-0.732796,0.289515,-0.899659,0.009133,0.000578,0.436498,0.401383,-0.197885,9.890666,308.24049639801837,34,111,-168.59758261420635,-171.4315024986941,2.837349194511138,9.96382807276562,-9.321731577667036,-179.5319663712788,143.09821494918228,-71.04433287683592,123.7747599387009,35.49064210990363,133.01656569099936,3.015838418583644,1.926005,-0.142765,0.808471,22.221777786666486,172.51227153462924
7468,2024-12-20 16:50:12.777156,-0.100241,0.021912,-0.993353,0.052212,0.190445,0.581793,-0.750638,0.248573,-0.899668,0.00888,0.000672,0.436483,0.196863,0.428191,9.907043,308.24233149594784,34,110,-168.59758261420635,-171.4315024986941,2.837349194511138,9.96382807276562,-9.321731577667036,-179.5319663712788,143.09821494918228,-71.04433287683592,123.7747599387009,35.49064210990363,133.01656569099936,3.015838418583644,2.568679,0.196597,0.67129,22.221777786666486,172.51227153462924
7469,2024-12-20 16:50:12.793823,-0.084975,0.016954,-0.994764,0.05423,0.148636,0.591646,-0.763303,0.212671,-0.899682,0.009372,0.00042,0.436446,-0.363449,0.541519,10.045435,308.2471188424929,33,110,-168.59758261420635,-171.4315024986941,2.837349194511138,9.96382807276562,-9.321731577667036,-179.5319663712788,143.09821494918228,-71.04433287683592,123.7747599387009,35.49064210990363,133.01656569099936,3.015838418583644,-3.071885,0.103354,0.848299,22.221777786666486,172.51227153462924
7470,2024-12-20 16:50:12.810490,-0.086364,0.012819,-0.994677,0.054764,0.113291,0.598541,-0.771712,0.182684,-0.899679,0.009457,0.000242,0.436451,-0.328304,-0.098005,9.906236,308.246413739793,33,109,-168.59758261420635,-171.4315024986941,2.837349194511138,9.96382807276562,-9.321731577667036,-179.5319663712788,143.09821494918228,-71.04433287683592,123.7747599387009,35.49064210990363,133.01656569099936,3.015838418583644,-0.336986,0.868175,0.53138,22.221777786666486,172.51227153462924
7471,2024-12-20 16:50:12.827157,-0.086563,0.007649,-0.9947,0.055001,0.085249,0.60343,-0.776693,0.159217,-0.899654,0.009938,-6.8e-05,0.436491,-0.281328,0.11466,9.744761,308.24125138209416,32,109,-168.59758261420635,-171.4315024986941,2.837349194511138,9.96382807276562,-9.321731577667036,-179.5319663712788,143.09821494918228,-71.04433287683592,123.7747599387009,35.49064210990363,133.01656569099936,3.015838418583644,-3.184107,0.496867,0.256172,22.221777786666486,172.51227153462924
7472,2024-12-20 16:50:12.843824,-0.087957,0.002376,-0.994583,0.055387,0.064398,0.607039,-0.779241,0.141909,-0.899622,0.010843,-0.000571,0.436534,0.19869,-0.62182,9.776145,308.2356584004281,32,109,-168.59758261420635,-171.4315024986941,2.837349194511138,9.96382807276562,-9.321731577667036,-179.5319663712788,143.09821494918228,-71.04433287683592,123.7747599387009,35.49064210990363,133.01656569099936,3.015838418583644,-6.387552,0.415457,0.230482,22.221777786666486,172.51227153462924
7473,2024-12-20 16:50:12.860491,-0.08967,-0.003605,-0.994425,0.055396,0.049636,0.610091,-0.779986,0.130174,-0.899592,0.011254,-0.000842,0.436586,0.123509,-0.682882,9.903461,308.228955467105,31,109,-168.59758261420635,-171.4315024986941,2.837349194511138,9.96382807276562,-9.321731577667036,-179.5319663712788,143.09821494918228,-71.04433287683592,123.7747599387009,35.49064210990363,133.01656569099936,3.015838418583644,-2.630642,0.46795,0.160342,22.221777786666486,172.51227153462924
7474,2024-12-20 16:50:12.877158,-0.091353,-0.010103,-0.994212,0.055669,0.04152,0.612736,-0.779398,0.123962,-0.899565,0.012012,-0.001194,0.436621,-0.13429,0.023809,9.845116,308.22441307935486,30,109,-168.59758261420635,-171.4315024986941,2.837349194511138,9.96382807276562,-9.321731577667036,-179.5319663712788,143.09821494918228,-71.04433287683592,123.7747599387009,35.49064210990363,133.01656569099936,3.015838418583644,-5.026467,-0.073982,0.285306,22.221777786666486,172.51227153462924
7475,2024-12-20 16:50:12.893825,-0.090179,-0.017356,-0.994174,0.056474,0.041795,0.614781,-0.77774,0.124159,-0.899538,0.012778,-0.001469,0.436654,-0.173418,-0.080875,9.531683,308.220168229286,29,110,-168.59758261420635,-171.4315024986941,2.837349194511138,9.96382807276562,-9.321731577667036,-179.5319663712788,143.09821494918228,-71.04433287683592,123.7747599387009,35.49064210990363,133.01656569099936,3.015838418583644,-4.838521,-0.57407,0.282476,22.221777786666486,172.51227153462924
7476,2024-12-20 16:50:12.910492,-0.088757,-0.025371,-0.994075,0.057428,0.043288,0.617682,-0.775258,0.124777,-0.899491,0.013808,-0.001858,0.436716,-0.237512,-0.005436,9.568098,308.212111875876,28,110,-168.59758261420635,-171.4315024986941,2.837349194511138,9.96382807276562,-9.321731577667036,-179.5319663712788,143.09821494918228,-71.04433287683592,123.7747599387009,35.49064210990363,133.01656569099936,3.015838418583644,-6.818755,-0.654802,0.059287,22.221777786666486,172.51227153462924
7477,2024-12-20 16:50:12.927159,-0.086345,-0.034125,-0.993968,0.058405,0.044277,0.621319,-0.772224,0.125178,-0.899442,0.014825,-0.002193,0.436785,-0.056446,0.097023,9.788907,308.2033114537346,27,111,-168.59758261420635,-171.4315024986941,2.837349194511138,9.96382807276562,-9.321731577667036,-179.5319663712788,143.09821494918228,-71.04433287683592,123.7747599387009,35.49064210990363,133.01656569099936,3.015838418583644,-6.577918,-0.961411,0.005116,22.221777786666486,172.51227153462924
7478,2024-12-20 16:50:12.943826,-0.084323,-0.043557,-0.99374,0.058965,0.044367,0.625765,-0.768613,0.125228,-0.899403,0.015938,-0.002541,0.436822,0.124673,-0.353816,9.850605,308.19844743994463,26,111,-168.59758261420635,-171.4315024986941,2.837349194511138,9.96382807276562,-9.321731577667036,-179.5319663712788,143.09821494918228,-71.04433287683592,123.7747599387009,35.49064210990363,133.01656569099936,3.015838418583644,-7.20735,-1.158872,0.228651,22.221777786666486,172.51227153462924
7479,2024-12-20 16:50:12.960493,-0.083926,-0.053474,-0.993281,0.059114,0.044504,0.630853,-0.76438,0.125556,-0.899373,0.016804,-0.00283,0.43685,0.128573,-0.531205,9.694058,308.19476687799875,25,112,-168.59758261420635,-171.4315024986941,2.837349194511138,9.96382807276562,-9.321731577667036,-179.5319663712788,143.09821494918228,-71.04433287683592,123.7747599387009,35.49064210990363,133.01656569099936,3.015838418583644,-5.503337,-0.794877,0.314441,22.221777786666486,172.51227153462924
7480,2024-12-20 16:50:12.977160,-0.083884,-0.063901,-0.99267,0.059084,0.044507,0.636491,-0.759604,0.126094,-0.899341,0.017656,-0.003144,0.43688,0.065034,-0.072079,9.683912,308.1907472506433,24,113,-168.59758261420635,-171.4315024986941,2.837349194511138,9.96382807276562,-9.321731577667036,-179.5319663712788,143.09821494918228,-71.04433287683592,123.7747599387009,35.49064210990363,133.01656569099936,3.015838418583644,-5.488866,-0.586057,0.300597,22.221777786666486,172.51227153462924
7481,2024-12-20 16:50:12.993827,-0.083514,-0.074863,-0.991931,0.059153,0.043142,0.642877,-0.754306,0.125975,-0.899315,0.018404,-0.003416,0.436901,0.058775,-0.812917,9.824345,308.1878946148166,23,114,-168.59758261420635,-171.4315024986941,2.837349194511138,9.96382807276562,-9.321731577667036,-179.5319663712788,143.09821494918228,-71.04433287683592,123.7747599387009,35.49064210990363,133.01656569099936,3.015838418583644,-4.720216,-0.54701,0.363604,22.221777786666486,172.51227153462924
7482,2024-12-20 16:50:13.010494,-0.083074,-0.086337,-0.991006,0.059639,0.042169,0.649609,-0.748469,0.126575,-0.899299,0.018669,-0.00353,0.436921,-0.104727,-0.06991,10.03678,308.18522435060174,22,115,-168.59758261420635,-171.4315024986941,2.837349194511138,9.96382807276562,-9.321731577667036,-179.5319663712788,143.09821494918228,-71.04433287683592,123.7747599387009,35.49064210990363,133.01656569099936,3.015838418583644,-1.26067,-0.062738,0.397644,22.221777786666486,172.51227153462924
7483,2024-12-20 16:50:13.027161,-0.082482,-0.098235,-0.989904,0.06034,0.040652,0.656896,-0.742105,0.12694,-0.899291,0.019035,-0.003632,0.436922,0.040147,-0.289709,9.881557,308.18508040230375,20,116,-168.59758261420635,-171.4315024986941,2.837349194511138,9.96382807276562,-9.321731577667036,-179.5319663712788,143.09821494918228,-71.04433287683592,123.7747599387009,35.49064210990363,133.01656569099936,3.015838418583644,-1.852426,-0.452346,0.534518,22.221777786666486,172.51227153462924
7484,2024-12-20 16:50:13.043828,-0.081758,-0.110529,-0.988602,0.061391,0.038597,0.664651,-0.735221,0.127268,-0.899286,0.019062,-0.003594,0.436931,0.101229,-0.141459,9.666642,308.184005619089,19,117,-168.59758261420635,-171.4315024986941,2.837349194511138,9.96382807276562,-9.321731577667036,-179.5319663712788,143.09821494918228,-71.04433287683592,123.7747599387009,35.49064210990363,133.01656569099936,3.015838418583644,0.676835,-0.295199,0.482255,22.221777786666486,172.51227153462924
7485,2024-12-20 16:50:13.060495,-0.080391,-0.12314,-0.987149,0.062577,0.035937,0.672889,-0.727813,0.127337,-0.899271,0.019255,-0.003619,0.436953,0.629059,-0.130764,9.665831,308.1812291183835,17,118,-168.59758261420635,-171.4315024986941,2.837349194511138,9.96382807276562,-9.321731577667036,-179.5319663712788,143.09821494918228,-71.04433287683592,123.7747599387009,35.49064210990363,133.01656569099936,3.015838418583644,-0.550929,-0.398662,0.374105,22.221777786666486,172.51227153462924
7486,2024-12-20 16:50:13.077162,-0.079469,-0.135978,-0.985474,0.063557,0.03249,0.681627,-0.719864,0.126976,-0.899253,0.019279,-0.00355,0.43699,0.587663,-0.443813,9.83066,308.17666678916316,16,120,-168.59758261420635,-171.4315024986941,2.837349194511138,9.96382807276562,-9.321731577667036,-179.5319663712788,143.09821494918228,-71.04433287683592,123.7747599387009,35.49064210990363,133.01656569099936,3.015838418583644,0.779529,-0.471376,0.263202,22.221777786666486,172.51227153462924
7487,2024-12-20 16:50:13.093829,-0.078942,-0.149086,-0.983571,0.064289,0.023324,0.691727,-0.711681,0.120324,-0.899232,0.019233,-0.003451,0.437036,0.530929,-0.596133,9.988751,308.170972554116,14,121,-168.59758261420635,-171.4315024986941,2.837349194511138,9.96382807276562,-9.321731577667036,-179.5319663712788,143.09821494918228,-71.04433287683592,123.7747599387009,35.49064210990363,133.01656569099936,3.015838418583644,1.303718,-0.451257,0.200054,22.221777786666486,172.51227153462924
7488,2024-12-20 16:50:13.110496,-0.07886,-0.162342,-0.981437,0.064894,0.019922,0.70115,-0.702857,0.118246,-0.899213,0.019097,-0.003354,0.43708,0.510697,-0.31809,9.931038,308.16544603359057,13,123,-168.59758261420635,-171.4315024986941,2.837349194511138,9.96382807276562,-9.321731577667036,-179.5319663712788,143.09821494918228,-71.04433287683592,123.7747599387009,35.49064210990363,133.01656569099936,3.015838418583644,1.850473,-0.160809,0.214615,22.221777786666486,172.51227153462924
7489,2024-12-20 16:50:13.127163,-0.07816,-0.175862,-0.979121,0.065491,0.019863,0.71046,-0.693314,0.119017,-0.899196,0.018975,-0.003226,0.437122,0.62172,-0.484716,9.793976,308.16029607856575,11,124,-168.59758261420635,-171.4315024986941,2.837349194511138,9.96382807276562,-9.321731577667036,-179.5319663712788,143.09821494918228,-71.04433287683592,123.7747599387009,35.49064210990363,133.01656569099936,3.015838418583644,1.862344,-0.394564,0.238281,22.221777786666486,172.51227153462924
7490,2024-12-20 16:50:13.143830,-0.077505,-0.189461,-0.97658,0.066283,0.020892,0.719847,-0.68324,0.120688,-0.899178,0.018908,-0.003173,0.437162,0.765891,-0.86831,9.932606,308.1552596921927,10,126,-168.59758261420635,-171.4315024986941,2.837349194511138,9.96382807276562,-9.321731577667036,-179.5319663712788,143.09821494918228,-71.04433287683592,123.7747599387009,35.49064210990363,133.01656569099936,3.015838418583644,1.293127,-0.103962,0.244364,22.221777786666486,172.51227153462924
7491,2024-12-20 16:50:13.160497,-0.076591,-0.203147,-0.973833,0.067225,0.023049,0.729208,-0.672664,0.123473,-0.899161,0.018499,-0.003005,0.437217,0.912728,-0.293007,9.983764,308.1484096733113,8,127,-168.59758261420635,-171.4315024986941,2.837349194511138,9.96382807276562,-9.321731577667036,-179.5319663712788,143.09821494918228,-71.04433287683592,123.7747599387009,35.49064210990363,133.01656569099936,3.015838418583644,3.759874,0.225539,0.154605,22.221777786666486,172.51227153462924
7492,2024-12-20 16:50:13.177164,-0.075523,-0.216861,-0.970881,0.06828,0.021655,0.739376,-0.661692,0.122538,-0.899142,0.018226,-0.002883,0.437269,0.919743,-0.533149,10.131862,308.14189540752807,6,129,-168.59758261420635,-171.4315024986941,2.837349194511138,9.96382807276562,-9.321731577667036,-179.5319663712788,143.09821494918228,-71.04433287683592,123.7747599387009,35.49064210990363,133.01656569099936,3.015838418583644,2.7739,0.095503,0.167245,22.221777786666486,172.51227153462924
7493,2024-12-20 16:50:13.193831,-0.074543,-0.230506,-0.96773,0.069373,0.019732,0.749571,-0.650367,0.12155,-0.899135,0.017764,-0.002715,0.437302,1.209078,-0.448757,9.944735,308.13774267769355,5,131,-168.59758261420635,-171.4315024986941,2.837349194511138,9.96382807276562,-9.321731577667036,-179.5319663712788,143.09821494918228,-71.04433287683592,123.7747599387009,35.49064210990363,133.01656569099936,3.015838418583644,4.084105,0.382865,0.318603,22.221777786666486,172.51227153462924
7494,2024-12-20 16:50:13.210498,-0.073633,-0.244163,-0.964368,0.070444,0.017344,0.75995,-0.638597,0.119865,-0.899125,0.017243,-0.002466,0.437346,1.377866,-0.295943,9.935816,308.1323476868103,3,133,-168.59758261420635,-171.4315024986941,2.837349194511138,9.96382807276562,-9.321731577667036,-179.5319663712788,143.09821494918228,-71.04433287683592,123.7747599387009,35.49064210990363,133.01656569099936,3.015838418583644,4.689487,0.058557,0.23572,22.221777786666486,172.51227153462924
7495,2024-12-20 16:50:13.227165,-0.072793,-0.257756,-0.960805,0.071564,0.015539,0.770123,-0.626466,0.119197,-0.899109,0.016796,-0.002261,0.437397,1.255631,-0.31437,9.968572,308.12597019457274,2,135,-168.59758261420635,-171.4315024986941,2.837349194511138,9.96382807276562,-9.321731577667036,-179.5319663712788,143.09821494918228,-71.04433287683592,123.7747599387009,35.49064210990363,133.01656569099936,3.015838418583644,4.104518,0.105697,0.172572,22.221777786666486,172.51227153462924
7496,2024-12-20 16:50:13.243832,-0.071705,-0.271398,-0.95704,0.072659,0.013386,0.780306,-0.614018,0.117997,-0.899093,0.01633,-0.002025,0.437448,1.122697,-0.195997,10.130487,308.11961015409975,0,136,-168.59758261420635,-171.4315024986941,2.837349194511138,9.96382807276562,-9.321731577667036,-179.5319663712788,143.09821494918228,-71.04433287683592,123.7747599387009,35.490609008547864,133.01658482106745,3.32113688529842,4.311712,-0.020938,0.174621,22.221777786666486,172.51227153462924
7497,2024-12-20 16:50:13.260499,-0.070657,-0.284997,-0.953078,0.073695,0.011223,0.790405,-0.601229,0.116861,-0.899083,0.015993,-0.001851,0.437483,0.888022,-0.30847,10.086963,308.11528700727877,-1,138,-168.59758261420635,-171.4315024986941,2.837349194511138,9.96382807276562,-9.321731577667036,-179.5319663712788,143.09821494918228,-71.04433287683592,123.7747599387009,35.490609008547864,133.01658482106745,3.32113688529842,3.326353,-0.030543,0.299649,22.221777786666486,172.51227153462924
7498,2024-12-20 16:50:13.277166,-0.069301,-0.298522,-0.94895,0.074708,0.009148,0.800252,-0.588267,0.115987,-0.899076,0.015513,-0.001577,0.437516,0.855496,-0.370229,9.87847,308.11125988581813,-2,140,-168.59758261420635,-171.4315024986941,2.837349194511138,9.96382807276562,-9.321731577667036,-179.5319663712788,143.09821494918228,-71.04433287683592,123.7747599387009,35.490609008547864,133.01658482106745,3.32113688529842,4.515321,-0.214186,0.306898,22.221777786666486,172.51227153462924
7499,2024-12-20 16:50:13.293833,-0.068526,-0.311998,-0.944601,0.075462,0.006244,0.810112,-0.574982,0.114338,-0.89907,0.015236,-0.001428,0.437537,0.831171,-0.105532,9.832467,308.1086229430374,-4,142,-168.59758261420635,-171.4315024986941,2.837349194511138,9.96382807276562,-9.321731577667036,-179.5319663712788,143.09821494918228,-71.04433287683592,123.7747599387009,35.490609008547864,133.01658482106745,3.32113688529842,2.885341,-0.057104,0.393379,22.221777786666486,172.51227153462924
7500,2024-12-20 16:50:13.310500,-0.068029,-0.325309,-0.94006,0.076402,0.003793,0.819663,-0.561526,0.113248,-0.899062,0.014951,-0.00123,0.437565,0.852449,-0.280667,9.823488,308.1052108123384,-6,144,-168.59758261420635,-171.4315024986941,2.837349194511138,9.96382807276562,-9.321731577667036,-179.5319663712788,143.09821494918228,-71.04433287683592,123.7747599387009,35.490609008547864,133.01658482106745,3.32113688529842,3.075208,-0.335923,0.336941,22.221777786666486,172.51227153462924
7501,2024-12-20 16:50:13.327167,-0.067064,-0.338582,-0.935363,0.07724,0.001399,0.828953,-0.547925,0.112306,-0.899055,0.014783,-0.001115,0.437586,0.834372,-0.11717,9.982578,308.1026178679293,-7,146,-168.59758261420635,-171.4315024986941,2.837349194511138,9.96382807276562,-9.321731577667036,-179.5319663712788,143.09821494918228,-71.04433287683592,123.7747599387009,35.490609008547864,133.01658482106745,3.32113688529842,2.108815,-0.171772,0.39206,22.221777786666486,172.51227153462924
7502,2024-12-20 16:50:13.343834,-0.066398,-0.351722,-0.930479,0.078075,-0.001238,0.837997,-0.534245,0.111084,-0.899046,0.014682,-0.000984,0.437607,0.779247,-0.144045,10.113862,308.10002507464856,-9,148,-168.59758261420635,-171.4315024986941,2.837349194511138,9.96382807276562,-9.321731577667036,-179.5319663712788,143.09821494918228,-71.04433287683592,123.7747599387009,35.490609008547864,133.01658482106745,3.32113688529842,1.742413,-0.471222,0.381943,22.221777786666486,172.51227153462924
7503,2024-12-20 16:50:13.360501,-0.065466,-0.364737,-0.925443,0.078997,-0.003506,0.84677,-0.520441,0.110033,-0.899041,0.014638,-0.000874,0.437619,0.749259,-0.110656,9.945577,308.09860592414816,-10,150,-168.59758261420635,-171.4315024986941,2.837349194511138,9.96382807276562,-9.321731577667036,-179.5319663712788,143.09821494918228,-71.04433287683592,123.7747599387009,35.490609008547864,133.01658482106745,3.32113688529842,1.322403,-0.516762,0.457616,22.221777786666486,172.51227153462924
7504,2024-12-20 16:50:13.377168,-0.064613,-0.377626,-0.920234,0.079987,-0.006008,0.855273,-0.506579,0.108851,-0.899035,0.01477,-0.000837,0.437628,0.756493,-0.347049,9.94412,308.0975861642081,-12,151,-168.59758261420635,-171.4315024986941,2.837349194511138,9.96382807276562,-9.321731577667036,-179.5319663712788,143.09821494918228,-71.04433287683592,123.7747599387009,35.490609008547864,133.01658482106745,3.32113688529842,0.017525,-0.591372,0.472573,22.221777786666486,172.51227153462924
7505,2024-12-20 16:50:13.393835,-0.063595,-0.390388,-0.914881,0.080924,-0.008553,0.86348,-0.492673,0.107706,-0.899021,0.014744,-0.000716,0.437656,0.807448,-0.244136,9.834268,308.09410079236,-14,153,-168.59758261420635,-171.4315024986941,2.837349194511138,9.96382807276562,-9.321731577667036,-179.5319663712788,143.09821494918228,-71.04433287683592,123.7747599387009,35.490609008547864,133.01658482106745,3.32113688529842,1.246538,-0.630252,0.325313,22.221777786666486,172.51227153462924
7506,2024-12-20 16:50:13.410502,-0.062571,-0.403073,-0.909348,0.081903,-0.011268,0.871494,-0.478672,0.106029,-0.899009,0.014967,-0.000695,0.437673,0.833673,-0.20722,9.986125,308.0920585782364,-15,155,-168.59758261420635,-171.4315024986941,2.837349194511138,9.96382807276562,-9.321731577667036,-179.5319663712788,143.09821494918228,-71.04433287683592,123.7747599387009,35.490609008547864,133.01658482106745,3.32113688529842,-0.598697,-0.767907,0.416226,22.221777786666486,172.51227153462924
7507,2024-12-20 16:50:13.427169,-0.061811,-0.415629,-0.903637,0.082919,-0.013648,0.879145,-0.464679,0.104825,-0.899001,0.015039,-0.000613,0.437687,0.62132,-0.399472,9.983422,308.0904008850736,-17,157,-168.59758261420635,-171.4315024986941,2.837349194511138,9.96382807276562,-9.321731577667036,-179.5319663712788,143.09821494918228,-71.04433287683592,123.7747599387009,35.490609008547864,133.01658482106745,3.32113688529842,0.53001,-0.687803,0.430889,22.221777786666486,172.51227153462924
7508,2024-12-20 16:50:13.443836,-0.060795,-0.428135,-0.897755,0.083932,-0.015676,0.886524,-0.450598,0.103871,-0.898995,0.015141,-0.00054,0.437697,0.484203,-0.294687,9.885722,308.08928603758625,-18,159,-168.59758261420635,-171.4315024986941,2.837349194511138,9.96382807276562,-9.321731577667036,-179.5319663712788,143.09821494918228,-71.04433287683592,123.7747599387009,35.490609008547864,133.01658482106745,3.32113688529842,0.306437,-0.720063,0.468642,22.221777786666486,172.51227153462924
7509,2024-12-20 16:50:13.460503,-0.059397,-0.440541,-0.891739,0.084861,-0.018129,0.893687,-0.436444,0.102514,-0.898986,0.015244,-0.000452,0.437712,0.393645,-0.455741,9.903554,308.087525230995,-20,161,-168.59758261420635,-171.4315024986941,2.837349194511138,9.96382807276562,-9.321731577667036,-179.5319663712788,143.09821494918228,-71.04433287683592,123.7747599387009,35.490609008547864,133.01658482106745,3.32113688529842,0.350247,-0.818172,0.421771,22.221777786666486,172.51227153462924
7510,2024-12-20 16:50:13.477170,-0.058334,-0.45282,-0.885558,0.085694,-0.020428,0.900599,-0.422184,0.101302,-0.898974,0.01527,-0.000356,0.437736,0.319072,-0.443804,9.889263,308.0845927816643,-22,162,-168.59758261420635,-171.4315024986941,2.837349194511138,9.96382807276562,-9.321731577667036,-179.5319663712788,143.09821494918228,-71.04433287683592,123.7747599387009,35.490609008547864,133.01658482106745,3.32113688529842,0.848235,-0.635835,0.356317,22.221777786666486,172.51227153462924
7511,2024-12-20 16:50:13.493837,-0.057478,-0.465,-0.879213,0.086372,-0.022973,0.907311,-0.407848,0.099582,-0.898966,0.0153,-0.000244,0.43775,0.159261,-0.203324,9.970854,308.08291392504935,-23,164,-168.59758261420635,-171.4315024986941,2.837349194511138,9.96382807276562,-9.321731577667036,-179.5319663712788,143.09821494918228,-71.04433287683592,123.7747599387009,35.490609008547864,133.01658482106745,3.32113688529842,0.875628,-0.743332,0.432989,22.221777786666486,172.51227153462924
7512,2024-12-20 16:50:13.510504,-0.056747,-0.477081,-0.872688,0.087139,-0.024993,0.913685,-0.393564,0.098286,-0.898961,0.01534,-0.000135,0.43776,0.105093,-0.196223,9.868598,308.08180750764353,-25,166,-168.59758261420635,-171.4315024986941,2.837349194511138,9.96382807276562,-9.321731577667036,-179.5319663712788,143.09821494918228,-71.04433287683592,123.7747599387009,35.490609008547864,133.01658482106745,3.32113688529842,0.800147,-0.755754,0.464352,22.221777786666486,172.51227153462924
7513,2024-12-20 16:50:13.527171,-0.056265,-0.489041,-0.865998,0.087895,-0.026652,0.919796,-0.379201,0.097315,-0.898955,0.015476,-5.8e-05,0.437767,0.00303,-0.239218,9.865517,308.08105802241494,-26,168,-168.59758261420635,-171.4315024986941,2.837349194511138,9.96382807276562,-9.321731577667036,-179.5319663712788,143.09821494918228,-71.04433287683592,123.7747599387009,35.490609008547864,133.01658482106745,3.32113688529842,0.116352,-0.852711,0.482729,22.221777786666486,172.51227153462924
7514,2024-12-20 16:50:13.543838,-0.055868,-0.500839,-0.85916,0.088814,-0.028914,0.925675,-0.364834,0.095837,-0.898947,0.015707,-3e-05,0.437776,0.030668,-0.034318,9.818768,308.08008468993336,-28,170,-168.59758261420635,-171.4315024986941,2.837349194511138,9.96382807276562,-9.321731577667036,-179.5319663712788,143.09821494918228,-71.04433287683592,123.7747599387009,35.490609008547864,133.01658482106745,3.32113688529842,-0.626282,-0.831363,0.467195,22.221777786666486,172.51227153462924
7515,2024-12-20 16:50:13.560505,-0.055396,-0.512462,-0.852215,0.089704,-0.030914,0.931335,-0.350354,0.094388,-0.898931,0.01611,-7.3e-05,0.437794,-0.231948,0.11365,9.772766,308.0779560600997,-29,171,-168.59758261420635,-171.4315024986941,2.837349194511138,9.96382807276562,-9.321731577667036,-179.5319663712788,143.09821494918228,-71.04433287683592,123.7747599387009,35.490609008547864,133.01658482106745,3.32113688529842,-1.897671,-0.912785,0.399859,22.221777786666486,172.51227153462924
7516,2024-12-20 16:50:13.577172,-0.055052,-0.52389,-0.845161,0.090636,-0.03324,0.93672,-0.335939,0.092702,-0.898916,0.016699,-0.000157,0.437803,-0.457768,-0.056821,9.836137,308.07704512668477,-31,173,-168.59758261420635,-171.4315024986941,2.837349194511138,9.96382807276562,-9.321731577667036,-179.5319663712788,143.09821494918228,-71.04433287683592,123.7747599387009,35.490609008547864,133.01658482106745,3.32113688529842,-3.172747,-1.211596,0.459844,22.221777786666486,172.51227153462924
7517,2024-12-20 16:50:13.593839,-0.054901,-0.53509,-0.838008,0.091716,-0.035608,0.941842,-0.321505,0.091097,-0.898899,0.01733,-0.000306,0.437813,-0.52826,-0.189961,9.745218,308.07593820357295,-33,175,-168.59758261420635,-171.4315024986941,2.837349194511138,9.96382807276562,-9.321731577667036,-179.5319663712788,143.09821494918228,-71.04433287683592,123.7747599387009,35.490609008547864,133.01658482106745,3.32113688529842,-3.627693,-0.943623,0.464506,22.221777786666486,172.51227153462924
7518,2024-12-20 16:50:13.610506,-0.054526,-0.546121,-0.830782,0.092651,-0.037853,0.946729,-0.306958,0.0897,-0.898874,0.0181,-0.000509,0.437834,-0.769411,-0.171396,9.623666,308.0734676364077,-34,177,-168.59758261420635,-171.4315024986941,2.837349194511138,9.96382807276562,-9.321731577667036,-179.5319663712788,143.09821494918228,-71.04433287683592,123.7747599387009,35.490609008547864,133.01658482106745,3.32113688529842,-4.65073,-1.027646,0.36623,22.221777786666486,172.51227153462924
7519,2024-12-20 16:50:13.627173,-0.054237,-0.556843,-0.82355,0.093561,-0.040332,0.951393,-0.292423,0.087816,-0.898843,0.018923,-0.000742,0.437861,-0.783309,-0.38453,9.740421,308.0701513588717,-36,178,-168.59758261420635,-171.4315024986941,2.837349194511138,9.96382807276562,-9.321731577667036,-179.5319663712788,143.09821494918228,-71.04433287683592,123.7747599387009,35.490609008547864,133.01658482106745,3.32113688529842,-5.070624,-1.000586,0.324494,22.221777786666486,172.51227153462924
7520,2024-12-20 16:50:13.643840,-0.05422,-0.567283,-0.816305,0.094339,-0.042459,0.955824,-0.277804,0.086146,-0.898811,0.019713,-0.00093,0.437891,-0.772835,-0.629997,9.871922,308.0665151523202,-37,180,-168.59758261420635,-171.4315024986941,2.837349194511138,9.96382807276562,-9.321731577667036,-179.5319663712788,143.09821494918228,-71.04433287683592,123.7747599387009,35.490609008547864,133.01658482106745,3.32113688529842,-4.736467,-1.180566,0.292042,22.221777786666486,172.51227153462924
7521,2024-12-20 16:50:13.660507,-0.053727,-0.577435,-0.809088,0.095204,-0.044629,0.960012,-0.263131,0.084529,-0.898787,0.020403,-0.0011,0.43791,-0.762602,-0.498618,9.805336,308.0642967710806,-38,182,-168.59758261420635,-171.4315024986941,2.837349194511138,9.96382807276562,-9.321731577667036,-179.5319663712788,143.09821494918228,-71.04433287683592,123.7747599387009,35.490609008547864,133.01658482106745,3.32113688529842,-4.053977,-0.996526,0.384184,22.221777786666486,172.51227153462924
7522,2024-12-20 16:50:13.677174,-0.053142,-0.58738,-0.80183,0.096092,-0.046702,0.963993,-0.248349,0.08281,-0.898765,0.020953,-0.001177,0.437929,-0.772825,-0.557174,9.788942,308.06209748381434,-40,184,-168.59758261420635,-171.4315024986941,2.837349194511138,9.96382807276562,-9.321731577667036,-179.5319663712788,143.09821494918228,-71.04433287683592,123.7747599387009,35.490609008547864,133.01658482106745,3.32113688529842,-2.911025,-1.145029,0.379401,22.221777786666486,172.51227153462924
7523,2024-12-20 16:50:13.693841,-0.052224,-0.597069,-0.794595,0.096979,-0.04866,0.967716,-0.233576,0.081233,-0.898743,0.021486,-0.001254,0.437947,-0.888127,-0.716267,9.803758,308.05999057171533,-41,185,-168.59758261420635,-171.4315024986941,2.837349194511138,9.96382807276562,-9.321731577667036,-179.5319663712788,143.09821494918228,-71.04433287683592,123.7747599387009,35.490609008547864,133.01658482106745,3.32113688529842,-2.806307,-1.094648,0.38453,22.221777786666486,172.51227153462924
7524,2024-12-20 16:50:13.710508,-0.051208,-0.60646,-0.787409,0.097854,-0.050555,0.971196,-0.218819,0.079612,-0.898725,0.021739,-0.001275,0.437972,-0.975573,-0.445019,9.778923,308.0569486124187,-43,187,-168.59758261420635,-171.4315024986941,2.837349194511138,9.96382807276562,-9.321731577667036,-179.5319663712788,143.09821494918228,-71.04433287683592,123.7747599387009,35.490609008547864,133.01658482106745,3.32113688529842,-0.905883,-0.595675,0.346892,22.221777786666486,172.51227153462924
7525,2024-12-20 16:50:13.727175,-0.050276,-0.615648,-0.780224,0.098511,-0.052053,0.974335,-0.204131,0.079307,-0.898713,0.022011,-0.001264,0.437983,-1.093044,-0.420375,9.894122,308.0557443046206,-44,189,-168.59758261420635,-171.4315024986941,2.837349194511138,9.96382807276562,-9.321731577667036,-179.5319663712788,143.09821494918228,-71.04433287683592,123.7747599387009,35.490609008547864,133.01658482106745,3.32113688529842,-0.930253,-0.861137,0.451622,22.221777786666486,172.51227153462924
7526,2024-12-20 16:50:13.743842,-0.049284,-0.624525,-0.773118,0.099158,-0.052815,0.97694,-0.189684,0.082564,-0.898706,0.022131,-0.001232,0.43799,-1.080766,-0.591669,9.877685,308.0549539920343,-45,191,-168.59758261420635,-171.4315024986941,2.837349194511138,9.96382807276562,-9.321731577667036,-179.5319663712788,143.09821494918228,-71.04433287683592,123.7747599387009,35.490609008547864,133.01658482106745,3.32113688529842,0.080059,-0.531079,0.485008,22.221777786666486,172.51227153462924
7527,2024-12-20 16:50:13.760509,-0.049483,-0.633083,-0.76592,0.10064,-0.052232,0.978458,-0.175851,0.094688,-0.898709,0.022027,-0.001094,0.437991,-1.269027,-0.744424,9.82383,308.05503251897335,-47,192,-168.59758261420635,-171.4315024986941,2.837349194511138,9.96382807276562,-9.321731577667036,-179.5319663712788,143.09821494918228,-71.04433287683592,123.7747599387009,35.490609008547864,133.01658482106745,3.32113688529842,1.779218,-0.513342,0.541395,22.221777786666486,172.51227153462924
7528,2024-12-20 16:50:13.777176,-0.057833,-0.640335,-0.758244,0.10815,-0.051182,0.979021,-0.162481,0.111782,-0.898713,0.021782,-0.000936,0.437996,-1.368235,-0.548682,9.846096,308.05451030839544,-48,194,-168.59758261420635,-171.4315024986941,2.837349194511138,9.96382807276562,-9.321731577667036,-179.5319663712788,143.09821494918228,-71.04433287683592,123.7747599387009,35.490609008547864,133.01658482106745,3.32113688529842,2.711584,-0.214365,0.514642,22.221777786666486,172.51227153462924
7529,2024-12-20 16:50:13.793843,-0.063245,-0.647856,-0.750664,0.113095,-0.050735,0.980039,-0.148991,0.121447,-0.89872,0.021723,-0.000785,0.437984,-1.38105,-0.448717,9.985787,308.0562292067851,-49,196,-168.59758261420635,-171.4315024986941,2.837349194511138,9.96382807276562,-9.321731577667036,-179.5319663712788,143.09821494918228,-71.04433287683592,123.7747599387009,35.490609008547864,133.01658482106745,3.32113688529842,1.541622,-0.73269,0.628798,22.221777786666486,172.51227153462924
7530,2024-12-20 16:50:13.810510,-0.070833,-0.654827,-0.742937,0.119303,-0.047663,0.977731,-0.136879,0.151762,-0.898728,0.021529,-0.000619,0.437978,-1.514162,-0.689279,10.095922,308.0571437648591,-50,197,-168.59758261420635,-171.4315024986941,2.837349194511138,9.96382807276562,-9.321731577667036,-179.5319663712788,143.09821494918228,-71.04433287683592,123.7747599387009,35.490609008547864,133.01658482106745,3.32113688529842,2.422737,-0.421803,0.595489,22.221777786666486,172.51227153462924
7531,2024-12-20 16:50:13.827177,-0.095418,-0.658533,-0.733455,0.138847,-0.044961,0.973518,-0.125013,0.18604,-0.898744,0.021115,-0.000361,0.437964,-1.328104,-0.767522,9.79734,308.059006434143,-51,199,-168.59758261420635,-171.4315024986941,2.837349194511138,9.96382807276562,-9.321731577667036,-179.5319663712788,143.09821494918228,-71.04433287683592,123.7747599387009,35.490609008547864,133.01658482106745,3.32113688529842,4.06236,-0.327241,0.657215,22.221777786666486,172.51227153462924
7532,2024-12-20 16:50:13.843844,-0.121538,-0.66122,-0.722881,0.159572,-0.042026,0.96843,-0.113373,0.217994,-0.898762,0.020819,-0.000131,0.437943,-1.447063,-0.37688,9.915585,308.06186371536796,-53,200,-168.59758261420635,-171.4315024986941,2.837349194511138,9.96382807276562,-9.321731577667036,-179.5319663712788,143.09821494918228,-71.04433287683592,123.7747599387009,35.490609008547864,133.01658482106745,3.32113688529842,3.249003,-0.510128,0.713102,22.221777786666486,172.51227153462924
7533,2024-12-20 16:50:13.860511,-0.152223,-0.661766,-0.710693,0.183887,-0.037707,0.955377,-0.102885,0.27431,-0.898781,0.020684,7e-05,0.437909,-1.542964,-0.856375,10.171638,308.06636233719735,-54,202,-168.59758261420635,-171.4315024986941,2.837349194511138,9.96382807276562,-9.321731577667036,-179.5319663712788,143.09821494918228,-71.04433287683592,123.7747599387009,35.490609008547864,133.01658482106745,3.32113688529842,2.1625,-0.820529,0.796651,22.221777786666486,172.51227153462924
7534,2024-12-20 16:50:13.877178,-0.203945,-0.654262,-0.69235,0.22584,-0.033105,0.932668,-0.093108,0.346933,-0.8988,0.020253,0.000271,0.437891,-1.758015,-0.910219,10.075457,308.06865619450224,-54,203,-168.59758261420635,-171.4315024986941,2.837349194511138,9.96382807276562,-9.321731577667036,-179.5319663712788,143.09821494918228,-71.04433287683592,123.7747599387009,35.490609008547864,133.01658482106745,3.32113688529842,3.994077,0.066228,0.693086,22.221777786666486,172.51227153462924
7535,2024-12-20 16:50:13.893845,-0.268808,-0.637296,-0.665904,0.279594,-0.029786,0.911154,-0.083371,0.40244,-0.898828,0.019845,0.000569,0.437851,-1.965259,-0.439745,10.032549,308.07384242206393,-55,205,-168.59758261420635,-171.4315024986941,2.837349194511138,9.96382807276562,-9.321731577667036,-179.5319663712788,143.09821494918228,-71.04433287683592,123.7747599387009,35.490609008547864,133.01658482106745,3.32113688529842,4.149942,-0.598735,0.853934,22.221777786666486,172.51227153462924
7536,2024-12-20 16:50:13.910512,-0.331327,-0.614383,-0.63435,0.332206,-0.026705,0.883562,-0.074441,0.461586,-0.898864,0.019518,0.000767,0.437792,-1.788356,-0.541997,10.113985,308.08139411885145,-56,206,-168.59758261420635,-171.4315024986941,2.837349194511138,9.96382807276562,-9.321731577667036,-179.5319663712788,143.09821494918228,-71.04433287683592,123.7747599387009,35.490609008547864,133.01658482106745,3.32113688529842,3.346638,-0.233895,1.005241,22.221777786666486,172.51227153462924
7537,2024-12-20 16:50:13.927179,-0.391044,-0.584979,-0.598292,0.383321,-0.024456,0.849435,-0.066174,0.522955,-0.898905,0.019039,0.000997,0.437728,-1.306332,-0.876471,9.926082,308.0894765523889,-56,207,-168.59758261420635,-171.4315024986941,2.837349194511138,9.96382807276562,-9.321731577667036,-179.5319663712788,143.09821494918228,-71.04433287683592,123.7747599387009,35.490609008547864,133.01658482106745,3.32113688529842,4.383633,0.020317,1.041201,22.221777786666486,172.51227153462924
7538,2024-12-20 16:50:13.943846,-0.451596,-0.545907,-0.554365,0.436727,-0.022354,0.806131,-0.059055,0.588357,-0.898946,0.018535,0.001271,0.437665,-1.493955,-0.465823,9.858624,308.0974651633729,-56,208,-168.59758261420635,-171.4315024986941,2.837349194511138,9.96382807276562,-9.321731577667036,-179.5319663712788,143.09821494918228,-71.04433287683592,123.7747599387009,35.490609008547864,133.01658482106745,3.32113688529842,4.666526,-0.169684,1.031417,22.221777786666486,172.51227153462924
7539,2024-12-20 16:50:13.960513,-0.506275,-0.501225,-0.506916,0.485283,-0.02001,0.750493,-0.053356,0.658416,-0.898981,0.018028,0.001518,0.437613,-1.696897,-0.999036,9.84458,308.1039803641073,-55,209,-168.59758261420635,-171.4315024986941,2.837349194511138,9.96382807276562,-9.321731577667036,-179.5319663712788,143.09821494918228,-71.04433287683592,123.7747599387009,35.490609008547864,133.01658482106745,3.32113688529842,4.606489,-0.003445,0.951083,22.221777786666486,172.51227153462924
7540,2024-12-20 16:50:13.977180,-0.544014,-0.463984,-0.468278,0.519121,-0.017569,0.690637,-0.048927,0.721329,-0.899043,0.016748,0.002038,0.437536,-1.505022,-1.009563,9.853656,308.1134109234503,-55,210,-168.59758261420635,-171.4315024986941,2.837349194511138,9.96382807276562,-9.321731577667036,-179.5319663712788,143.09821494918228,-71.04433287683592,123.7747599387009,35.490609008547864,133.01658482106745,3.32113688529842,10.213328,0.637929,1.147725,22.221777786666486,172.51227153462924
7541,2024-12-20 16:50:13.993847,-0.550103,-0.456393,-0.456814,0.529544,-0.018558,0.668693,-0.045382,0.741919,-0.899148,0.014846,0.002825,0.437384,-2.218629,0.239162,9.76073,308.1320084064375,-56,210,-168.59758261420635,-171.4315024986941,2.837349194511138,9.96382807276562,-9.321731577667036,-179.5319663712788,143.09821494918228,-71.04433287683592,123.7747599387009,35.490609008547864,133.01658482106745,3.32113688529842,14.860571,0.84926,1.695095,22.221777786666486,172.51227153462924
7542,2024-12-20 16:50:14.010514,-0.544917,-0.461519,-0.458024,0.529419,-0.020882,0.681251,-0.042411,0.73052,-0.899179,0.013294,0.003637,0.437363,-2.524719,-0.992006,9.5579,308.1339746175554,-56,210,-168.59758261420635,-171.4315024986941,2.837349194511138,9.96382807276562,-9.321731577667036,-179.5319663712788,143.09821494918228,-71.04433287683592,123.7747599387009,35.490609008547864,133.01658482106745,3.32113688529842,12.767123,-0.352649,0.673173,22.221777786666486,172.51227153462924
7543,2024-12-20 16:50:14.027181,-0.542973,-0.463321,-0.457875,0.529971,-0.021168,0.686848,-0.041248,0.72532,-0.899201,0.012048,0.004225,0.437349,-3.846018,-0.787352,9.666453,308.1350689078738,-56,211,-168.59758261420635,-171.4315024986941,2.837349194511138,9.96382807276562,-9.321731577667036,-179.5319663712788,143.09821494918228,-71.04433287683592,123.7747599387009,35.490609008547864,133.01658482106745,3.32113688529842,10.199487,0.112766,0.642693,22.221777786666486,172.51227153462924
7544,2024-12-20 16:50:14.043848,-0.539819,-0.465239,-0.458512,0.53096,-0.02144,0.676926,-0.041264,0.73458,-0.899274,0.01094,0.004696,0.437224,-5.068006,0.949327,9.438905,308.1503060899029,-57,211,-168.59758261420635,-171.4315024986941,2.837349194511138,9.96382807276562,-9.321731577667036,-179.5319663712788,143.09821494918228,-71.04433287683592,123.7747599387009,35.490609008547864,133.01658482106745,3.32113688529842,9.002103,0.417212,1.480075,22.221777786666486,172.51227153462924
