Measurement Mode:,Custom Modes - Custom Mode 4
number,time,wol,xol,yol,zol,wor,xor,yor,zor,wb,xb,yb,zb,accx,accy,accz,deg,angle_left,angle_right,err_deg_oar_left_x,err_deg_oar_right_x,err_deg_boat_x,err_deg_oar_left_y,err_deg_oar_right_y,err_deg_boat_y,err_deg_oar_left_z,err_deg_oar_right_z,err_deg_boat_z,latitude,longitude,speed,SPM,SPLIT
709,2025-01-17 17:09:25.006578,0.9424252,-0.12320401,0.18576871,0.24935246,-0.8546632,-0.052931577,0.18461393,-0.48235416,0.9976692,0.014224359,-0.018725032,0.06453729,-4.42088339725932,0.06391737877756799,9.767001555433074,7.373199274570051,7,34,-19.64762836720025,14.556613707402931,0.7503658953161981,159.5111288931663,-161.61964256189688,-178.80122179611803,25.858410004839303,66.92499055534522,9.695802622664234,35.491259205079025,133.0162167870838,3.097664836251892,28.345889775117882,177.32385730841503
710,2025-01-17 17:09:25.023245,0.9379642,-0.12528075,0.18198724,0.26728252,-0.8632852,-0.050282005,0.18479286,-0.46696967,0.99766827,0.0144436695,-0.018696122,0.06451073,-4.032450536118522,0.12980622287716198,9.976017465246246,7.369693655301952,9,32,-19.64762836720025,14.556613707402931,0.7503658953161981,159.5111288931663,-161.61964256189688,-178.80122179611803,25.858410004839303,66.92499055534522,9.695802622664234,35.491259205079025,133.0162167870838,3.097664836251892,28.345889775117882,177.32385730841503
711,2025-01-17 17:09:25.039912,0.9323894,-0.12860128,0.18166676,0.28485137,-0.8716575,-0.047393426,0.18487692,-0.45142692,0.99767137,0.014213299,-0.018709382,0.06451008,-2.9631496082699518,0.62721228204672,9.934787303614193,7.370117125668667,12,30,-19.64762836720025,14.556613707402931,0.7503658953161981,159.5111288931663,-161.61964256189688,-178.80122179611803,25.858410004839303,66.92499055534522,9.695802622664234,35.491259205079025,133.0162167870838,3.097664836251892,28.345889775117882,177.32385730841503
712,2025-01-17 17:09:25.056579,0.9271313,-0.13085213,0.17811917,0.30267197,-0.87977844,-0.044334076,0.18491882,-0.4356922,0.9976798,0.0136174,-0.018714223,0.0645051,-1.4194287191480341,0.230628680355204,10.14648467465625,7.370869212905608,14,28,-19.64762836720025,14.556613707402931,0.7503658953161981,159.5111288931663,-161.61964256189688,-178.80122179611803,25.858410004839303,66.92499055534522,9.695802622664234,35.491259205079025,133.0162167870838,3.097664836251892,28.345889775117882,177.32385730841503
713,2025-01-17 17:09:25.073246,0.9213631,-0.13320751,0.17522015,0.32042915,-0.8876615,-0.04118536,0.18507196,-0.41965187,0.99769413,0.012625228,-0.018745756,0.06447664,0.9173729884441919,0.01744340721854802,9.95344111533525,7.369774413866742,16,26,-19.64762836720025,14.556613707402931,0.7503658953161981,159.5111288931663,-161.61964256189688,-178.80122179611803,25.858410004839303,66.92499055534522,9.695802622664234,35.491259205079025,133.0162167870838,3.097664836251892,28.345889775117882,177.32385730841503
714,2025-01-17 17:09:25.089913,0.91514754,-0.1358469,0.17286618,0.33793348,-0.8952368,-0.037908863,0.1851892,-0.40350664,0.9977115,0.011422627,-0.018748187,0.0644317,1.9959974863389482,0.009635146673933753,9.94833117594642,7.367279166862212,18,24,-19.64762836720025,14.556613707402931,0.7503658953161981,159.5111288931663,-161.61964256189688,-178.80122179611803,25.858410004839303,66.92499055534522,9.695802622664234,35.491259205079025,133.0162167870838,3.097664836251892,28.345889775117882,177.32385730841503
715,2025-01-17 17:09:25.106580,0.9095989,-0.13642202,0.16549486,0.35589555,-0.90257937,-0.034483574,0.18511058,-0.3871618,0.99773544,0.009843452,-0.018703153,0.064336866,1.880929061877978,-0.382904003743428,9.941243357193834,7.359905066904486,20,22,-19.64762836720025,14.556613707402931,0.7503658953161981,159.5111288931663,-161.61964256189688,-178.80122179611803,25.858410004839303,66.92499055534522,9.695802622664234,35.491259205079025,133.0162167870838,3.097664836251892,28.345889775117882,177.32385730841503
716,2025-01-17 17:09:25.123247,0.9021119,-0.14056535,0.16681932,0.37234163,-0.9094756,-0.031302694,0.18545473,-0.37078223,0.9977567,0.008257104,-0.018748194,0.06421679,1.5380300648360699,-0.598123240009656,9.89316098326717,7.349565856577281,22,19,-19.64762836720025,14.556613707402931,0.7503658953161981,159.5111288931663,-161.61964256189688,-178.80122179611803,25.858410004839303,66.92499055534522,9.695802622664234,35.491259205079025,133.0162167870838,3.097664836251892,28.345889775117882,177.32385730841503
717,2025-01-17 17:09:25.139914,0.8945499,-0.14457002,0.16627598,0.38892663,-0.9161927,-0.027832042,0.18508358,-0.35434332,0.99778056,0.006621212,-0.01872525,0.064043105,1.10659169486916,-0.440731128580302,10.032149311173006,7.333196296581541,25,17,-19.64762836720025,14.556613707402931,0.7503658953161981,159.5111288931663,-161.61964256189688,-178.80122179611803,25.858410004839303,66.92499055534522,9.695802622664234,35.491259205079025,133.0162167870838,3.097664836251892,28.345889775117882,177.32385730841503
718,2025-01-17 17:09:25.156581,0.8876958,-0.14555845,0.16132918,0.40597185,-0.92235893,-0.024915205,0.1858134,-0.3377946,0.99780476,0.0049586426,-0.01873611,0.06381217,0.706916231677296,-0.50043224030073,10.275683861229474,7.310274986720491,27,15,-19.64762836720025,14.556613707402931,0.7503658953161981,159.5111288931663,-161.61964256189688,-178.80122179611803,25.858410004839303,66.92499055534522,9.695802622664234,35.491259205079025,133.0162167870838,3.097664836251892,28.345889775117882,177.32385730841503
719,2025-01-17 17:09:25.173248,0.87844574,-0.15167566,0.16759846,0.42103404,-0.9274751,-0.023088386,0.19024575,-0.32103264,0.99782884,0.0032973518,-0.01876423,0.063533336,0.626184616419144,-0.9945569675846581,10.474673280219738,7.281833229984374,29,13,-19.64762836720025,14.556613707402931,0.7503658953161981,159.5111288931663,-161.61964256189688,-178.80122179611803,25.858410004839303,66.92499055534522,9.695802622664234,35.491259205079025,133.0162167870838,3.097664836251892,28.345889775117882,177.32385730841503
720,2025-01-17 17:09:25.189915,0.866881,-0.16343784,0.18316114,0.43392232,-0.9293207,-0.025264774,0.20821486,-0.30392417,0.997852,0.0016007572,-0.018830882,0.0632163,0.6176190652348259,-0.9126420862903439,10.06753679201901,7.249077460005298,31,11,-19.64762836720025,14.556613707402931,0.7503658953161981,159.5111288931663,-161.61964256189688,-178.80122179611803,25.858410004839303,66.92499055534522,9.695802622664234,35.491259205079025,133.0162167870838,3.097664836251892,28.345889775117882,177.32385730841503
721,2025-01-17 17:09:25.206582,0.85398144,-0.17704977,0.20147137,0.4458808,-0.9270251,-0.030677006,0.24021865,-0.2863163,0.99787515,8.316897e-05,-0.018861014,0.06285855,0.44835357831636596,-0.732100619907852,10.085930158258073,7.211253151792256,33,9,-19.64762836720025,14.556613707402931,0.7503658953161981,159.5111288931663,-161.61964256189688,-178.80122179611803,25.858410004839303,66.92499055534522,9.695802622664234,35.491259205079025,133.0162167870838,3.097664836251892,28.345889775117882,177.32385730841503
722,2025-01-17 17:09:25.223249,0.8400941,-0.19229817,0.22123793,0.45645195,-0.9208999,-0.037053443,0.28043625,-0.26818705,0.9978996,-0.0012243129,-0.018847302,0.062462002,0.440353694118576,-0.8848183357328341,10.072807228985484,7.168492357951663,35,7,-19.64762836720025,14.556613707402931,0.7503658953161981,159.5111288931663,-161.61964256189688,-178.80122179611803,25.858410004839303,66.92499055534522,9.695802622664234,35.491259205079025,133.0162167870838,3.097664836251892,28.345889775117882,177.32385730841503
723,2025-01-17 17:09:25.239916,0.820667,-0.21741095,0.255891,0.46237332,-0.9103544,-0.043873176,0.32720253,-0.24953355,0.9979254,-0.0022358997,-0.018854236,0.062018365,0.33112579959546,-1.106397897347964,10.12365127146864,7.119692789546018,37,5,-19.64762836720025,14.556613707402931,0.7503658953161981,159.5111288931663,-161.61964256189688,-178.80122179611803,25.858410004839303,66.92499055534522,9.695802622664234,35.491259205079025,133.0162167870838,3.097664836251892,28.345889775117882,177.32385730841503
724,2025-01-17 17:09:25.256583,0.79399955,-0.2519911,0.30360258,0.46251696,-0.89313614,-0.05160677,0.38301867,-0.23008655,0.9979509,-0.0029554344,-0.018884568,0.06156531,0.448442887598988,-0.901490443025154,10.019724122071969,7.069205484003094,40,3,-19.64762836720025,14.556613707402931,0.7503658953161981,159.5111288931663,-161.61964256189688,-178.80122179611803,25.858410004839303,66.92499055534522,9.695802622664234,35.4912379721164,133.01622608628216,2.6753422275608845,28.345889775117882,177.32385730841503
725,2025-01-17 17:09:25.273250,0.7701771,-0.278241,0.33735436,0.46436277,-0.866338,-0.060288336,0.44937676,-0.20948209,0.9979794,-0.0035680374,-0.018879194,0.061069697,0.686339292192282,-0.5562296055440521,9.721054389185921,7.013576515309867,42,1,-19.64762836720025,14.556613707402931,0.7503658953161981,159.5111288931663,-161.61964256189688,-178.80122179611803,25.858410004839303,66.92499055534522,9.695802622664234,35.4912379721164,133.01622608628216,2.6753422275608845,28.345889775117882,177.32385730841503
726,2025-01-17 17:09:25.289917,0.7360085,-0.31541985,0.38631886,0.4578114,-0.83058816,-0.06821926,0.5197159,-0.18805127,0.9980078,-0.0040059853,-0.018950144,0.060556382,1.117188906998328,-0.46778829580430403,9.774743398380588,6.955606711498014,44,0,-19.64762836720025,14.556613707402931,0.7503658953161981,159.5111288931663,-161.61964256189688,-178.80122179611803,25.858410004839303,66.92499055534522,9.695802622664234,35.4912379721164,133.01622608628216,2.6753422275608845,28.345889775117882,177.32385730841503
727,2025-01-17 17:09:25.306584,0.6918359,-0.35967278,0.4424268,0.4430449,-0.79050356,-0.07344273,0.5846289,-0.16708727,0.9980407,-0.004299461,-0.018944673,0.05999306,1.813339510797276,-0.214255697172066,9.659815991106205,6.891526111479092,46,-2,-19.64762836720025,14.556613707402931,0.7503658953161981,159.5111288931663,-161.61964256189688,-178.80122179611803,25.858410004839303,66.92499055534522,9.695802622664234,35.4912379721164,133.01622608628216,2.6753422275608845,28.345889775117882,177.32385730841503
728,2025-01-17 17:09:25.323251,0.64355856,-0.40260866,0.49448818,0.42338115,-0.75070804,-0.075451985,0.63948685,-0.14764738,0.9980743,-0.004486248,-0.018973654,0.059408188,2.229413281330068,-0.24173881147215603,9.717775314373524,6.824776375914809,48,-4,-19.64762836720025,14.556613707402931,0.7503658953161981,159.5111288931663,-161.61964256189688,-178.80122179611803,25.858410004839303,66.92499055534522,9.695802622664234,35.4912379721164,133.01622608628216,2.6753422275608845,28.345889775117882,177.32385730841503
729,2025-01-17 17:09:25.339918,0.59232277,-0.44360614,0.5406897,0.40006706,-0.7163007,-0.074487075,0.68141496,-0.13052624,0.9981104,-0.0045206025,-0.01901513,0.058781713,2.5500648781774737,-0.175426060775328,9.39502706580423,6.75293843756435,50,-6,-19.64762836720025,14.556613707402931,0.7503658953161981,159.5111288931663,-161.61964256189688,-178.80122179611803,25.858410004839303,66.92499055534522,9.695802622664234,35.4912379721164,133.01622608628216,2.6753422275608845,28.345889775117882,177.32385730841503
730,2025-01-17 17:09:25.356585,0.5407053,-0.48068252,0.58010316,0.37429106,-0.6876926,-0.07119869,0.7131662,-0.11576844,0.9981499,-0.0044048904,-0.018991796,0.058124095,2.612175126754902,0.064068257013432,9.349726583654311,6.677147756941785,52,-7,-19.64762836720025,14.556613707402931,0.7503658953161981,159.5111288931663,-161.61964256189688,-178.80122179611803,25.858410004839303,66.92499055534522,9.695802622664234,35.4912379721164,133.01622608628216,2.6753422275608845,28.345889775117882,177.32385730841503
731,2025-01-17 17:09:25.373252,0.48933968,-0.5139946,0.6135189,0.34638473,-0.6628654,-0.06675148,0.738649,-0.102712706,0.9981899,-0.004189774,-0.01896919,0.05745718,2.209633751325462,0.109406737748346,9.444596111747616,6.6000814828960515,53,-9,-19.64762836720025,14.556613707402931,0.7503658953161981,159.5111288931663,-161.61964256189688,-178.80122179611803,25.858410004839303,66.92499055534522,9.695802622664234,35.4912379721164,133.01622608628216,2.6753422275608845,28.345889775117882,177.32385730841503
732,2025-01-17 17:09:25.389919,0.4729896,-0.5262133,0.6177306,0.34325036,-0.63662255,-0.061926655,0.763304,-0.090787776,0.99823,-0.0039624316,-0.018942725,0.05678177,2.074895549865894,0.244875136976994,9.647274488025342,6.522014194847119,55,-10,-19.64762836720025,14.556613707402931,0.7503658953161981,159.5111288931663,-161.61964256189688,-178.80122179611803,25.858410004839303,66.92499055534522,9.695802622664234,35.4912379721164,133.01622608628216,2.6753422275608845,28.345889775117882,177.32385730841503
733,2025-01-17 17:09:25.406586,0.483343,-0.52411896,0.6022215,0.35922083,-0.6087646,-0.056831323,0.787275,-0.07982864,0.99826854,-0.003936573,-0.018945323,0.05610141,2.325470803121892,-0.076764229218738,9.711470819333849,6.443835466583058,56,-11,-19.64762836720025,14.556613707402931,0.7503658953161981,159.5111288931663,-161.61964256189688,-178.80122179611803,25.858410004839303,66.92499055534522,9.695802622664234,35.4912379721164,133.01622608628216,2.6753422275608845,28.345889775117882,177.32385730841503
734,2025-01-17 17:09:25.423253,0.48701856,-0.524091,0.5929881,0.3695108,-0.606537,-0.049826466,0.7901292,-0.072970435,0.99830806,-0.003962695,-0.018894957,0.055407763,2.57728967558307,0.05811276269995634,9.719372459860255,6.364202450849083,57,-12,-19.64762836720025,14.556613707402931,0.7503658953161981,159.5111288931663,-161.61964256189688,-178.80122179611803,25.858410004839303,66.92499055534522,9.695802622664234,35.4912379721164,133.01622608628216,2.6753422275608845,28.345889775117882,177.32385730841503
735,2025-01-17 17:09:25.439920,0.4832168,-0.5290059,0.59016186,0.3720145,-0.6182523,-0.041875355,0.78186476,-0.06853339,0.99834543,-0.003975319,-0.018884443,0.05473274,2.7670644735424563,-0.08663821716804,9.810424128205494,6.286714297866327,58,-13,-19.64762836720025,14.556613707402931,0.7503658953161981,159.5111288931663,-161.61964256189688,-178.80122179611803,25.858410004839303,66.92499055534522,9.695802622664234,35.4912379721164,133.01622608628216,2.6753422275608845,28.345889775117882,177.32385730841503
736,2025-01-17 17:09:25.456587,0.4824019,-0.53171235,0.5858301,0.3760385,-0.6156945,-0.035851642,0.7845898,-0.06365889,0.9983804,-0.0042928318,-0.01891533,0.054056346,3.120279774053028,-0.34838509146348,9.521604312203719,6.209754467520576,58,-14,-19.64762836720025,14.556613707402931,0.7503658953161981,159.5111288931663,-161.61964256189688,-178.80122179611803,25.858410004839303,66.92499055534522,9.695802622664234,35.4912379721164,133.01622608628216,2.6753422275608845,28.345889775117882,177.32385730841503
737,2025-01-17 17:09:25.473254,0.480943,-0.53446454,0.5833362,0.37787837,-0.6170795,-0.030062847,0.78401446,-0.06023934,0.9984149,-0.0044155857,-0.018948931,0.053395778,4.074386274147786,0.12151765050619799,9.478881151357589,6.134202547071007,59,-15,-19.64762836720025,14.556613707402931,0.7503658953161981,159.5111288931663,-161.61964256189688,-178.80122179611803,25.858410004839303,66.92499055534522,9.695802622664234,35.4912379721164,133.01622608628216,2.6753422275608845,28.345889775117882,177.32385730841503
738,2025-01-17 17:09:25.489921,0.4797963,-0.5371099,0.5818159,0.37792882,-0.61777776,-0.024913527,0.7837908,-0.05831643,0.9984497,-0.0042809816,-0.018978942,0.052740484,4.989918757395552,-0.04329091382897005,9.169175464432044,6.058707383724478,59,-15,-19.64762836720025,14.556613707402931,0.7503658953161981,159.5111288931663,-161.61964256189688,-178.80122179611803,25.858410004839303,66.92499055534522,9.695802622664234,35.4912379721164,133.01622608628216,2.6753422275608845,28.345889775117882,177.32385730841503
739,2025-01-17 17:09:25.506588,0.4797921,-0.5389246,0.5807811,0.37694106,-0.61834353,-0.02073086,0.7835123,-0.05769537,0.9984871,-0.0038997387,-0.018912332,0.052081794,5.439692382015366,-0.35360776128014404,9.048089212780896,5.982218609615134,60,-16,-19.64762836720025,14.556613707402931,0.7503658953161981,159.5111288931663,-161.61964256189688,-178.80122179611803,25.858410004839303,66.92499055534522,9.695802622664234,35.4912379721164,133.01622608628216,2.6753422275608845,28.345889775117882,177.32385730841503
740,2025-01-17 17:09:25.523255,0.48075533,-0.5401659,0.5802428,0.37476015,-0.6182768,-0.017149828,0.78359026,-0.058520067,0.9985215,-0.0033865827,-0.018855453,0.051473618,4.823474282687633,0.004496093036774401,9.237919921808388,5.911263133071905,60,-16,-19.64762836720025,14.556613707402931,0.7503658953161981,159.5111288931663,-161.61964256189688,-178.80122179611803,25.858410004839303,66.92499055534522,9.695802622664234,35.4912379721164,133.01622608628216,2.6753422275608845,28.345889775117882,177.32385730841503
741,2025-01-17 17:09:25.539922,0.48301688,-0.5406737,0.57985467,0.3717079,-0.61827004,-0.014017694,0.78349763,-0.060627017,0.9985555,-0.0030365512,-0.018724767,0.050881386,4.500070150572696,0.165015879424848,9.212620660360711,5.842441508893206,59,-16,-19.64762836720025,14.556613707402931,0.7503658953161981,159.5111288931663,-161.61964256189688,-178.80122179611803,25.858410004839303,66.92499055534522,9.695802622664234,35.4912379721164,133.01622608628216,2.6753422275608845,28.345889775117882,177.32385730841503
742,2025-01-17 17:09:25.556589,0.4866634,-0.5401419,0.57978433,0.36781415,-0.61836684,-0.011317715,0.78319436,-0.06402774,0.9985837,-0.003163592,-0.018664923,0.050339133,4.350867536956279,0.09464839826337,9.355181755426855,5.780422588809249,59,-16,-19.64762836720025,14.556613707402931,0.7503658953161981,159.5111288931663,-161.61964256189688,-178.80122179611803,25.858410004839303,66.92499055534522,9.695802622664234,35.4912379721164,133.01622608628216,2.6753422275608845,28.345889775117882,177.32385730841503
743,2025-01-17 17:09:25.573256,0.49054724,-0.538924,0.581102,0.3623206,-0.6184265,-0.009115972,0.78276944,-0.06882105,0.9986105,-0.0036372785,-0.018511858,0.04983008,3.9261684456641577,0.152059297906074,9.655395142796387,5.72287541686349,59,-16,-19.64762836720025,14.556613707402931,0.7503658953161981,159.5111288931663,-161.61964256189688,-178.80122179611803,25.858410004839303,66.92499055534522,9.695802622664234,35.4912379721164,133.01622608628216,2.6753422275608845,28.345889775117882,177.32385730841503
744,2025-01-17 17:09:25.589923,0.49394044,-0.5376656,0.5839732,0.3548875,-0.618858,-0.007649921,0.78187805,-0.074977785,0.99863386,-0.004076801,-0.01833802,0.04938966,3.228666125201616,-0.23318731504248,9.7942909479087,5.673104992437226,58,-15,-19.64762836720025,14.556613707402931,0.7503658953161981,159.5111288931663,-161.61964256189688,-178.80122179611803,25.858410004839303,66.92499055534522,9.695802622664234,35.4912379721164,133.01622608628216,2.6753422275608845,28.345889775117882,177.32385730841503
745,2025-01-17 17:09:25.606590,0.49750206,-0.5360261,0.5876143,0.34627807,-0.6198049,-0.0072313696,0.7803448,-0.08276613,0.99865556,-0.00429188,-0.018178191,0.04898846,2.799996581358774,-0.361224124610922,9.581818264275714,5.6273723669314295,57,-15,-19.64762836720025,14.556613707402931,0.7503658953161981,159.5111288931663,-161.61964256189688,-178.80122179611803,25.858410004839303,66.92499055534522,9.695802622664234,35.4912379721164,133.01622608628216,2.6753422275608845,28.345889775117882,177.32385730841503
746,2025-01-17 17:09:25.623257,0.5023794,-0.53341305,0.59095114,0.33748123,-0.6177964,-0.008612588,0.78091526,-0.09177913,0.9986757,-0.004412103,-0.018019978,0.04862517,2.74594522018716,-0.11285961653304599,9.328186160394306,5.5857929939273525,56,-14,-19.64762836720025,14.556613707402931,0.7503658953161981,159.5111288931663,-161.61964256189688,-178.80122179611803,25.858410004839303,66.92499055534522,9.695802622664234,35.4912379721164,133.01622608628216,2.6753422275608845,28.345889775117882,177.32385730841503
747,2025-01-17 17:09:25.639924,0.5040526,-0.5324229,0.5974488,0.3248742,-0.6146217,-0.011173993,0.7821345,-0.10188089,0.9986945,-0.00448035,-0.017868098,0.04828626,2.857674391742394,-0.011040201933198402,9.497981850156338,5.54691039589265,55,-13,-19.64762836720025,14.556613707402931,0.7503658953161981,159.5111288931663,-161.61964256189688,-178.80122179611803,25.858410004839303,66.92499055534522,9.695802622664234,35.4912379721164,133.01622608628216,2.6753422275608845,28.345889775117882,177.32385730841503
748,2025-01-17 17:09:25.656591,0.5089005,-0.52939075,0.60171574,0.3142217,-0.60957134,-0.0148103535,0.78450996,-0.11289816,0.99871,-0.0046816156,-0.017773755,0.04798183,2.548264435715574,-0.274721520655476,9.437321909471256,5.512296846211276,54,-12,-19.64762836720025,14.556613707402931,0.7503658953161981,159.5111288931663,-161.61964256189688,-178.80122179611803,25.858410004839303,66.92499055534522,9.695802622664234,35.4912379721164,133.01622608628216,2.6753422275608845,28.345889775117882,177.32385730841503
749,2025-01-17 17:09:25.673258,0.5171185,-0.5246552,0.6029209,0.30633816,-0.60525465,-0.019267403,0.7859993,-0.12449515,0.9987231,-0.0050305496,-0.017721921,0.04769358,2.2902424339014242,-0.518422893334368,9.616278546595513,5.479867558762903,52,-11,-19.64762836720025,14.556613707402931,0.7503658953161981,159.5111288931663,-161.61964256189688,-178.80122179611803,25.858410004839303,66.92499055534522,9.695802622664234,35.4912379721164,133.01622608628216,2.6753422275608845,28.345889775117882,177.32385730841503
750,2025-01-17 17:09:25.689925,0.52666926,-0.51923764,0.6027638,0.29953128,-0.60276264,-0.023478359,0.78584325,-0.13628931,0.99873316,-0.005468854,-0.017678134,0.047448426,2.168518665856518,-0.637722659725542,9.890662389897138,5.45256616877422,51,-9,-19.64762836720025,14.556613707402931,0.7503658953161981,159.5111288931663,-161.61964256189688,-178.80122179611803,25.858410004839303,66.92499055534522,9.695802622664234,35.4912379721164,133.01622608628216,2.6753422275608845,28.345889775117882,177.32385730841503
751,2025-01-17 17:09:25.706592,0.53388196,-0.5148897,0.60429007,0.29107317,-0.5992003,-0.027931385,0.78640074,-0.14748302,0.9987409,-0.00592127,-0.017620577,0.047251105,2.16299116154685,-0.206833212273324,10.121800928885033,5.430764096776991,50,-8,-19.64762836720025,14.556613707402931,0.7503658953161981,159.5111288931663,-161.61964256189688,-178.80122179611803,25.858410004839303,66.92499055534522,9.695802622664234,35.4912379721164,133.01622608628216,2.6753422275608845,28.345889775117882,177.32385730841503
752,2025-01-17 17:09:25.723259,0.5400274,-0.5108027,0.60654455,0.28211036,-0.59579116,-0.03252472,0.78675264,-0.15809447,0.9987492,-0.006252275,-0.017495852,0.04707867,2.279932829454114,0.01645548419661875,10.453892902665324,5.411505043217515,49,-7,-19.64762836720025,14.556613707402931,0.7503658953161981,159.5111288931663,-161.61964256189688,-178.80122179611803,25.858410004839303,66.92499055534522,9.695802622664234,35.4912379721164,133.01622608628216,2.6753422275608845,28.345889775117882,177.32385730841503
753,2025-01-17 17:09:25.739926,0.54505104,-0.50664455,0.6098276,0.27271366,-0.5921489,-0.03728217,0.78718174,-0.16826582,0.99875134,-0.006891188,-0.01746573,0.04695627,1.90381008063108,-0.009277483567522761,10.377412380113231,5.398678944146455,48,-6,-19.64762836720025,14.556613707402931,0.7503658953161981,159.5111288931663,-161.61964256189688,-178.80122179611803,25.858410004839303,66.92499055534522,9.695802622664234,35.4912379721164,133.01622608628216,2.6753422275608845,28.345889775117882,177.32385730841503
754,2025-01-17 17:09:25.756593,0.5496722,-0.50214326,0.61353135,0.2632936,-0.58814883,-0.042728685,0.78778,-0.17792371,0.9987569,-0.0076296665,-0.017211674,0.04681784,1.049223222835098,0.322633273207122,9.924632858421786,5.38394354629922,46,-5,-19.64762836720025,14.556613707402931,0.7503658953161981,159.5111288931663,-161.61964256189688,-178.80122179611803,25.858410004839303,66.92499055534522,9.695802622664234,35.4912379721164,133.01622608628216,2.6753422275608845,28.345889775117882,177.32385730841503
755,2025-01-17 17:09:25.773260,0.5540258,-0.49721548,0.6175101,0.25405714,-0.58385694,-0.049010962,0.78846836,-0.18714952,0.9987564,-0.008345141,-0.017207464,0.0467093,-0.071357992332894,0.113716209722418,10.225262688741516,5.372857283883559,45,-3,-19.64762836720025,14.556613707402931,0.7503658953161981,159.5111288931663,-161.61964256189688,-178.80122179611803,25.858410004839303,66.92499055534522,9.695802622664234,35.4912379721164,133.01622608628216,2.6753422275608845,28.345889775117882,177.32385730841503
756,2025-01-17 17:09:25.789927,0.5583745,-0.49177802,0.62156254,0.24507926,-0.57949233,-0.056099035,0.78906983,-0.19598122,0.99875695,-0.008798125,-0.017208943,0.04661429,-0.027409184170019352,0.221870842247964,9.793957004867687,5.362825065520389,44,-2,-19.64762836720025,14.556613707402931,0.7503658953161981,159.5111288931663,-161.61964256189688,-178.80122179611803,25.858410004839303,66.92499055534522,9.695802622664234,35.4912379721164,133.01622608628216,2.6753422275608845,28.345889775117882,177.32385730841503
757,2025-01-17 17:09:25.806594,0.5624487,-0.4860529,0.6258745,0.23604414,-0.5750446,-0.063754864,0.78957576,-0.20451796,0.99875736,-0.00931298,-0.017132068,0.046533108,0.354709133497554,-0.457732622992908,9.710168919578411,5.354392752031906,43,-1,-19.64762836720025,14.556613707402931,0.7503658953161981,159.5111288931663,-161.61964256189688,-178.80122179611803,25.858410004839303,66.92499055534522,9.695802622664234,35.4912379721164,133.01622608628216,2.6753422275608845,28.345889775117882,177.32385730841503
758,2025-01-17 17:09:25.823261,0.56617707,-0.47994322,0.63054514,0.22702956,-0.570894,-0.071835645,0.7896852,-0.21287432,0.9987552,-0.009684238,-0.017224122,0.046467185,-0.01618342950119457,-0.07913353061196,9.997117820584627,5.347662895360018,41,0,-19.64762836720025,14.556613707402931,0.7503658953161981,159.5111288931663,-161.61964256189688,-178.80122179611803,25.858410004839303,66.92499055534522,9.695802622664234,35.4912379721164,133.01622608628216,2.6753422275608845,28.345889775117882,177.32385730841503
759,2025-01-17 17:09:25.839928,0.56981325,-0.47340572,0.6353395,0.2181175,-0.5670856,-0.08027766,0.7893127,-0.22125421,0.9987553,-0.0098977275,-0.01724022,0.046415478,-0.554615306401128,-0.134960833246932,10.0638273531795,5.342160263716115,40,1,-19.64762836720025,14.556613707402931,0.7503658953161981,159.5111288931663,-161.61964256189688,-178.80122179611803,25.858410004839303,66.92499055534522,9.695802622664234,35.4912379721164,133.01622608628216,2.6753422275608845,28.345889775117882,177.32385730841503
760,2025-01-17 17:09:25.856595,0.57340086,-0.4663969,0.64019996,0.2094301,-0.5634429,-0.08918039,0.7885741,-0.22962697,0.9987499,-0.010231591,-0.017418977,0.046391815,-0.545008329266694,-0.13448788216906202,10.50842711573334,5.34034272002661,38,2,-19.64762836720025,14.556613707402931,0.7503658953161981,159.5111288931663,-161.61964256189688,-178.80122179611803,25.858410004839303,66.92499055534522,9.695802622664234,35.4912379721164,133.01622608628216,2.6753422275608845,28.345889775117882,177.32385730841503
761,2025-01-17 17:09:25.873262,0.57660574,-0.45902294,0.6454214,0.20071445,-0.5595934,-0.09875792,0.78771013,-0.23793592,0.9987481,-0.010553041,-0.017409252,0.04636419,0.025123874021746595,-0.288232323741054,10.257959157889228,5.337779197536417,37,4,-19.64762836720025,14.556613707402931,0.7503658953161981,159.5111288931663,-161.61964256189688,-178.80122179611803,25.858410004839303,66.92499055534522,9.695802622664234,35.4912379721164,133.01622608628216,2.6753422275608845,28.345889775117882,177.32385730841503
762,2025-01-17 17:09:25.889929,0.57957125,-0.45122927,0.65088695,0.1920074,-0.55561244,-0.10901011,0.78660464,-0.24629916,0.9987442,-0.010769296,-0.017539836,0.046346664,0.17221986776691,-0.872288389420632,10.199880194553295,5.336383341285252,35,6,-19.64762836720025,14.556613707402931,0.7503658953161981,159.5111288931663,-161.61964256189688,-178.80122179611803,25.858410004839303,66.92499055534522,9.695802622664234,35.4912379721164,133.01622608628216,2.6753422275608845,28.345889775117882,177.32385730841503
763,2025-01-17 17:09:25.906596,0.58221096,-0.4429357,0.6567205,0.18326981,-0.55148226,-0.11980394,0.7852656,-0.25469753,0.99874663,-0.010643873,-0.017486576,0.04634288,0.588627450044892,-0.748943983128714,10.180316427453564,5.335625566917205,34,7,-19.64762836720025,14.556613707402931,0.7503658953161981,159.5111288931663,-161.61964256189688,-178.80122179611803,25.858410004839303,66.92499055534522,9.695802622664234,35.4912379721164,133.01622608628216,2.6753422275608845,28.345889775117882,177.32385730841503
764,2025-01-17 17:09:25.923263,0.58445185,-0.43423367,0.66289735,0.1745159,-0.54720724,-0.13105035,0.78369725,-0.2630731,0.99874914,-0.010568555,-0.017422503,0.04633206,0.530889378471036,-0.68728042532613,9.702382646663693,5.334142127478796,32,9,-19.64762836720025,14.556613707402931,0.7503658953161981,159.5111288931663,-161.61964256189688,-178.80122179611803,25.858410004839303,66.92499055534522,9.695802622664234,35.4912379721164,133.01622608628216,2.6753422275608845,28.345889775117882,177.32385730841503
765,2025-01-17 17:09:25.939930,0.58632,-0.42517298,0.66933376,0.16577251,-0.54278576,-0.14264834,0.781904,-0.27140322,0.998751,-0.010393557,-0.017425798,0.046331286,0.198843399781758,-0.144668780034636,9.769536653263524,5.33371956546632,31,11,-19.64762836720025,14.556613707402931,0.7503658953161981,159.5111288931663,-161.61964256189688,-178.80122179611803,25.858410004839303,66.92499055534522,9.695802622664234,35.4912379721164,133.01622608628216,2.6753422275608845,28.345889775117882,177.32385730841503
766,2025-01-17 17:09:25.956597,0.58799326,-0.41559917,0.67593324,0.15712155,-0.5383351,-0.15440449,0.7798296,-0.2796765,0.99875534,-0.010199944,-0.017341796,0.046313405,0.169317691458126,-0.29903204732605204,9.895096012287864,5.331171602962258,29,12,-19.64762836720025,14.556613707402931,0.7503658953161981,159.5111288931663,-161.61964256189688,-178.80122179611803,25.858410004839303,66.92499055534522,9.695802622664234,35.4912379721164,133.01622608628216,2.6753422275608845,28.345889775117882,177.32385730841503
767,2025-01-17 17:09:25.973264,0.5895499,-0.4054815,0.6826406,0.14848883,-0.53377676,-0.16635567,0.7775052,-0.2879104,0.99876034,-0.009800214,-0.017348044,0.04628569,0.057612375131350646,-0.231158758409706,10.184277134941716,5.3272307271276205,27,14,-19.64762836720025,14.556613707402931,0.7503658953161981,159.5111288931663,-161.61964256189688,-178.80122179611803,25.858410004839303,66.92499055534522,9.695802622664234,35.4912379721164,133.01622608628216,2.6753422275608845,28.345889775117882,177.32385730841503
768,2025-01-17 17:09:25.989931,0.59102327,-0.39476487,0.68943226,0.13988143,-0.52914906,-0.1786198,0.77485216,-0.29614013,0.99876636,-0.009456651,-0.017330013,0.04623413,0.303611339257086,-0.29943535440744,9.940011572502426,5.3206266378179645,26,16,-19.64762836720025,14.556613707402931,0.7503658953161981,159.5111288931663,-161.61964256189688,-178.80122179611803,25.858410004839303,66.92499055534522,9.695802622664234,35.4912379721164,133.01622608628216,2.6753422275608845,28.345889775117882,177.32385730841503
769,2025-01-17 17:09:26.006598,0.5923592,-0.383713,0.69621617,0.13110827,-0.524252,-0.19126844,0.771934,-0.3044551,0.9987713,-0.00918542,-0.017322544,0.046190172,0.02631280549220842,-0.751832133414078,9.852450289684523,5.31504785362729,24,18,-19.64762836720025,14.556613707402931,0.7503658953161981,159.5111288931663,-161.61964256189688,-178.80122179611803,25.858410004839303,66.92499055534522,9.695802622664234,35.4912379721164,133.01622608628216,2.6753422275608845,28.345889775117882,177.32385730841503
770,2025-01-17 17:09:26.023265,0.59352803,-0.37186706,0.7031795,0.122512326,-0.519179,-0.20426622,0.76869977,-0.31277412,0.9987763,-0.008835029,-0.017330881,0.046142638,0.265539907496214,-0.20399874132370202,9.978855553555038,5.308928751563873,22,20,-19.64762836720025,14.556613707402931,0.7503658953161981,159.5111288931663,-161.61964256189688,-178.80122179611803,25.858410004839303,66.92499055534522,9.695802622664234,35.4912379721164,133.01622608628216,2.6753422275608845,28.345889775117882,177.32385730841503
771,2025-01-17 17:09:26.039932,0.59512216,-0.35983327,0.7095401,0.11372729,-0.5140255,-0.21748058,0.76506144,-0.32118502,0.99877906,-0.008501166,-0.017366812,0.046129525,-0.05641428982899072,0.029398697163263536,10.17391252299624,5.306824140190829,20,22,-19.64762836720025,14.556613707402931,0.7503658953161981,159.5111288931663,-161.61964256189688,-178.80122179611803,25.858410004839303,66.92499055534522,9.695802622664234,35.4912379721164,133.01622608628216,2.6753422275608845,28.345889775117882,177.32385730841503
772,2025-01-17 17:09:26.056599,0.59637064,-0.34744018,0.7160341,0.104662806,-0.50887537,-0.23090738,0.7609269,-0.32972202,0.99878645,-0.007959224,-0.017300943,0.046096236,0.109695299246568,-0.344371723499856,10.065178222261633,5.30187379728487,18,24,-19.64762836720025,14.556613707402931,0.7503658953161981,159.5111288931663,-161.61964256189688,-178.80122179611803,25.858410004839303,66.92499055534522,9.695802622664234,35.4912379721164,133.01622608628216,2.6753422275608845,28.345889775117882,177.32385730841503
773,2025-01-17 17:09:26.073266,0.5969937,-0.33411232,0.7230594,0.09583479,-0.5031221,-0.24473605,0.7566967,-0.33820271,0.99879396,-0.0073544364,-0.01722534,0.046062887,0.277507009915668,-0.591670004759238,9.87452394782652,5.296792333765015,16,26,-19.64762836720025,14.556613707402931,0.7503658953161981,159.5111288931663,-161.61964256189688,-178.80122179611803,25.858410004839303,66.92499055534522,9.695802622664234,35.4912379721164,133.01622608628216,2.6753422275608845,28.345889775117882,177.32385730841503
774,2025-01-17 17:09:26.089933,0.5973332,-0.3211242,0.72982967,0.08632724,-0.49771893,-0.2583151,0.75180054,-0.34690621,0.9987997,-0.0068321694,-0.017144956,0.04604757,0.23049687146461198,0.06327390857475601,9.684377461116755,5.293942773501313,14,28,-19.64762836720025,14.556613707402931,0.7503658953161981,159.5111288931663,-161.61964256189688,-178.80122179611803,25.858410004839303,66.92499055534522,9.695802622664234,35.4912379721164,133.01622608628216,2.6753422275608845,28.345889775117882,177.32385730841503
775,2025-01-17 17:09:26.106600,0.59782207,-0.3074908,0.73626906,0.07744458,-0.49161804,-0.2719259,0.7469967,-0.35547516,0.9988059,-0.006247714,-0.017074144,0.046022087,0.264946360928958,-0.26809452772832404,9.900276165590597,5.289824963411208,12,30,-19.64762836720025,14.556613707402931,0.7503658953161981,159.5111288931663,-161.61964256189688,-178.80122179611803,25.858410004839303,66.92499055534522,9.695802622664234,35.4912379721164,133.01622608628216,2.6753422275608845,28.345889775117882,177.32385730841503
776,2025-01-17 17:09:26.123267,0.59836304,-0.2933337,0.7424598,0.06856996,-0.48527732,-0.28534025,0.74202716,-0.36397973,0.99881035,-0.0057643075,-0.017025316,0.04600483,0.14691238478856,0.038227125133261965,9.922750459277022,5.286872751186415,10,32,-19.64762836720025,14.556613707402931,0.7503658953161981,159.5111288931663,-161.61964256189688,-178.80122179611803,25.858410004839303,66.92499055534522,9.695802622664234,35.4912379721164,133.01622608628216,2.6753422275608845,28.345889775117882,177.32385730841503
777,2025-01-17 17:09:26.139934,0.5989649,-0.27933466,0.74819386,0.058742136,-0.47856846,-0.29879335,0.73691684,-0.37235335,0.99881244,-0.005409688,-0.017042834,0.045993954,0.201788167555944,-0.350561194521756,9.798966647323555,5.284961897479804,8,34,-19.64762836720025,14.556613707402931,0.7503658953161981,159.5111288931663,-161.61964256189688,-178.80122179611803,25.858410004839303,66.92499055534522,9.695802622664234,35.4912379721164,133.01622608628216,2.6753422275608845,28.345889775117882,177.32385730841503
778,2025-01-17 17:09:26.156601,0.59965116,-0.2647726,0.7536268,0.048910394,-0.47163337,-0.31256005,0.7315138,-0.38046578,0.9988143,-0.005072327,-0.017048022,0.04599002,0.167694311030082,-0.19884525273152398,9.535391972223731,5.283867780736843,6,36,-19.64762836720025,14.556613707402931,0.7503658953161981,159.5111288931663,-161.61964256189688,-178.80122179611803,25.858410004839303,66.92499055534522,9.695802622664234,35.4912379721164,133.01622608628216,2.6753422275608845,28.345889775117882,177.32385730841503
779,2025-01-17 17:09:26.173268,0.59925187,-0.25035563,0.75945324,0.038490772,-0.46432447,-0.32651746,0.72583795,-0.38851857,0.9988159,-0.0048507,-0.0170913,0.0459674,0.08787820226953201,-0.15160171738166398,9.648410291746332,5.280881067476041,4,38,-19.64762836720025,14.556613707402931,0.7503658953161981,159.5111288931663,-161.61964256189688,-178.80122179611803,25.858410004839303,66.92499055534522,9.695802622664234,35.4912379721164,133.01622608628216,2.6753422275608845,28.345889775117882,177.32385730841503
780,2025-01-17 17:09:26.189935,0.5978137,-0.23632777,0.7655279,0.027687639,-0.45719016,-0.34061456,0.7195264,-0.39653382,0.9988164,-0.0047047567,-0.017139982,0.045953304,-0.08755578715764,-0.16460623854234002,9.895226650949988,5.279021776238276,2,40,-19.64762836720025,14.556613707402931,0.7503658953161981,159.5111288931663,-161.61964256189688,-178.80122179611803,25.858410004839303,66.92499055534522,9.695802622664234,35.4912379721164,133.01622608628216,2.6753422275608845,28.345889775117882,177.32385730841503
781,2025-01-17 17:09:26.206602,0.5964926,-0.22219443,0.77108216,0.017023772,-0.45018768,-0.35457775,0.7125766,-0.40477008,0.99881566,-0.00454548,-0.017241176,0.045947134,-0.131352049382418,-0.154359548537322,9.778171549496005,5.2780861036364275,0,42,-19.64762836720025,14.556613707402931,0.7503658953161981,159.5111288931663,-161.61964256189688,-178.80122179611803,25.858410004839303,66.92499055534522,9.695802622664234,35.4912379721164,133.01622608628216,2.6753422275608845,28.345889775117882,177.32385730841503
782,2025-01-17 17:09:26.223269,0.5955634,-0.20782456,0.77595294,0.0064434707,-0.44333822,-0.36843854,0.705157,-0.41286358,0.99881667,-0.004380674,-0.017281333,0.045927376,-0.06358575516001201,-0.358326705293406,9.672895412650133,5.275528942148985,-1,44,-19.64762836720025,14.556613707402931,0.7503658953161981,159.5111288931663,-161.61964256189688,-178.80122179611803,25.858410004839303,66.92499055534522,9.695802622664234,35.4912379721164,133.01622608628216,2.6753422275608845,28.345889775117882,177.32385730841503
783,2025-01-17 17:09:26.239936,0.59478253,-0.19351102,0.7802576,-0.004100144,-0.43634436,-0.3821043,0.6977302,-0.4204415,0.99881697,-0.0042778635,-0.017318308,0.04591748,0.027286838541159337,-0.284601600333714,9.622211164992756,5.274220771252861,-3,47,-19.64762836720025,14.556613707402931,0.7503658953161981,159.5111288931663,-161.61964256189688,-178.80122179611803,25.858410004839303,66.92499055534522,9.695802622664234,35.4912379721164,133.01622608628216,2.6753422275608845,28.345889775117882,177.32385730841503
784,2025-01-17 17:09:26.256603,0.59370255,-0.1791695,0.78437084,-0.014471471,-0.42928776,-0.39541146,0.6904464,-0.42736885,0.9988177,-0.0043163016,-0.017352171,0.045882583,0.091859642123202,-0.152431315762014,9.710647277841167,5.270317809582996,-5,49,-19.64762836720025,14.556613707402931,0.7503658953161981,159.5111288931663,-161.61964256189688,-178.80122179611803,25.858410004839303,66.92499055534522,9.695802622664234,35.49121288425628,133.01623793686932,2.9060833881185517,28.345889775117882,177.32385730841503
785,2025-01-17 17:09:26.273270,0.59215045,-0.16478184,0.7884321,-0.024717927,-0.42273024,-0.40820804,0.68301743,-0.43376398,0.99881756,-0.004387975,-0.017407225,0.045858383,0.25036406106618,-0.11173614262428,9.634090371994926,5.2677236320010286,-7,51,-19.64762836720025,14.556613707402931,0.7503658953161981,159.5111288931663,-161.61964256189688,-178.80122179611803,25.858410004839303,66.92499055534522,9.695802622664234,35.49121288425628,133.01623793686932,2.9060833881185517,28.345889775117882,177.32385730841503
786,2025-01-17 17:09:26.289937,0.5903968,-0.15058237,0.79220337,-0.034668446,-0.41664106,-0.42054668,0.6753559,-0.4398227,0.99881756,-0.004523097,-0.01747232,0.045821905,0.447460460587974,-0.230431839602148,9.61090774189623,5.263854081419858,-9,53,-19.64762836720025,14.556613707402931,0.7503658953161981,159.5111288931663,-161.61964256189688,-178.80122179611803,25.858410004839303,66.92499055534522,9.695802622664234,35.49121288425628,133.01623793686932,2.9060833881185517,28.345889775117882,177.32385730841503
787,2025-01-17 17:09:26.306604,0.5889415,-0.13660508,0.7953531,-0.043952346,-0.4130351,-0.4312071,0.66601485,-0.44708553,0.9988179,-0.004672054,-0.017533584,0.045775473,0.5420405996770381,-0.25664333403009,9.662509869449124,5.2588689589279705,-11,54,-19.64762836720025,14.556613707402931,0.7503658953161981,159.5111288931663,-161.61964256189688,-178.80122179611803,25.858410004839303,66.92499055534522,9.695802622664234,35.49121288425628,133.01623793686932,2.9060833881185517,28.345889775117882,177.32385730841503
788,2025-01-17 17:09:26.323271,0.5879273,-0.12287265,0.79781413,-0.052609235,-0.41314855,-0.4391803,0.6541875,-0.45658126,0.99881834,-0.004798646,-0.017599173,0.045726687,0.645606780934752,-0.272325672373086,9.700814273681022,5.253574978086274,-13,56,-19.64762836720025,14.556613707402931,0.7503658953161981,159.5111288931663,-161.61964256189688,-178.80122179611803,25.858410004839303,66.92499055534522,9.695802622664234,35.49121288425628,133.01623793686932,2.9060833881185517,28.345889775117882,177.32385730841503
789,2025-01-17 17:09:26.339938,0.58951676,-0.10952854,0.7980257,-0.06049648,-0.4188436,-0.44236648,0.63856727,-0.47022572,0.9988183,-0.0049959375,-0.017685449,0.045675576,0.6084426140360341,-0.13806578338398598,9.650444242207248,5.248173563459757,-15,58,-19.64762836720025,14.556613707402931,0.7503658953161981,159.5111288931663,-161.61964256189688,-178.80122179611803,25.858410004839303,66.92499055534522,9.695802622664234,35.49121288425628,133.01623793686932,2.9060833881185517,28.345889775117882,177.32385730841503
790,2025-01-17 17:09:26.356605,0.5946566,-0.096265614,0.7953743,-0.067290395,-0.43154097,-0.43951237,0.6178892,-0.48868465,0.99881464,-0.0054545975,-0.01784256,0.045637786,1.107405116462214,-0.167444830489068,9.527220660051546,5.244893294780159,-17,60,-19.64762836720025,14.556613707402931,0.7503658953161981,159.5111288931663,-161.61964256189688,-178.80122179611803,25.858410004839303,66.92499055534522,9.695802622664234,35.49121288425628,133.01623793686932,2.9060833881185517,28.345889775117882,177.32385730841503
791,2025-01-17 17:09:26.373272,0.60710895,-0.08406076,0.7867389,-0.07366189,-0.4506166,-0.42852417,0.5914842,-0.5132804,0.9988116,-0.0058641527,-0.017958235,0.045609742,1.8357269597278678,-0.323449447721664,9.620408659916087,5.242606922644047,-18,62,-19.64762836720025,14.556613707402931,0.7503658953161981,159.5111288931663,-161.61964256189688,-178.80122179611803,25.858410004839303,66.92499055534522,9.695802622664234,35.49121288425628,133.01623793686932,2.9060833881185517,28.345889775117882,177.32385730841503
792,2025-01-17 17:09:26.389939,0.6303893,-0.07352018,0.7686952,-0.079645276,-0.47883135,-0.40563005,0.55594367,-0.545078,0.9988109,-0.00594731,-0.018019522,0.045591235,2.0597706438261296,-0.122687442190836,9.788251246645416,5.240709730226184,-20,64,-19.64762836720025,14.556613707402931,0.7503658953161981,159.5111288931663,-161.61964256189688,-178.80122179611803,25.858410004839303,66.92499055534522,9.695802622664234,35.49121288425628,133.01623793686932,2.9060833881185517,28.345889775117882,177.32385730841503
793,2025-01-17 17:09:26.406606,0.6628796,-0.06491259,0.74108803,-0.08483565,-0.5128428,-0.37125,0.5110895,-0.5813362,0.99881124,-0.0059100892,-0.018054202,0.04557261,1.894672047624552,-0.22171961669871598,9.886621348181617,5.238530708236595,-22,65,-19.64762836720025,14.556613707402931,0.7503658953161981,159.5111288931663,-161.61964256189688,-178.80122179611803,25.858410004839303,66.92499055534522,9.695802622664234,35.49121288425628,133.01623793686932,2.9060833881185517,28.345889775117882,177.32385730841503
794,2025-01-17 17:09:26.423273,0.6986422,-0.05843231,0.7074464,-0.08964279,-0.544426,-0.331305,0.46315414,-0.615893,0.9988128,-0.005672959,-0.018087879,0.04555571,1.9638858935943302,-0.12750321246590998,9.845456413965161,5.236140871556173,-23,67,-19.64762836720025,14.556613707402931,0.7503658953161981,159.5111288931663,-161.61964256189688,-178.80122179611803,25.858410004839303,66.92499055534522,9.695802622664234,35.49121288425628,133.01623793686932,2.9060833881185517,28.345889775117882,177.32385730841503
795,2025-01-17 17:09:26.439940,0.7381631,-0.054158032,0.66581184,-0.09438282,-0.5690899,-0.29255235,0.41794917,-0.64487743,0.998816,-0.0052470905,-0.01808147,0.04553774,2.13406238609244,0.07138430386419001,9.782766565696013,5.233205894350204,-25,68,-19.64762836720025,14.556613707402931,0.7503658953161981,159.5111288931663,-161.61964256189688,-178.80122179611803,25.858410004839303,66.92499055534522,9.695802622664234,35.49121288425628,133.01623793686932,2.9060833881185517,28.345889775117882,177.32385730841503
796,2025-01-17 17:09:26.456607,0.7841886,-0.052283973,0.61033165,-0.09920514,-0.58707696,-0.25745925,0.37716216,-0.66843307,0.998819,-0.0046984656,-0.018052414,0.0455468,2.36484560694075,-0.071483860395498,9.90958810006677,5.233102515231873,-26,70,-19.64762836720025,14.556613707402931,0.7503658953161981,159.5111288931663,-161.61964256189688,-178.80122179611803,25.858410004839303,66.92499055534522,9.695802622664234,35.49121288425628,133.01623793686932,2.9060833881185517,28.345889775117882,177.32385730841503
797,2025-01-17 17:09:26.473274,0.83187616,-0.052600443,0.54257214,-0.10422072,-0.5996706,-0.22620659,0.34120288,-0.6876082,0.9988232,-0.003927011,-0.018004112,0.045545846,2.416407473356362,-0.14522145453365398,10.0540353913947,5.231385131706601,-28,71,-19.64762836720025,14.556613707402931,0.7503658953161981,159.5111288931663,-161.61964256189688,-178.80122179611803,25.858410004839303,66.92499055534522,9.695802622664234,35.49121288425628,133.01623793686932,2.9060833881185517,28.345889775117882,177.32385730841503
798,2025-01-17 17:09:26.489941,0.87182826,-0.05431342,0.4744597,-0.10901809,-0.60839856,-0.19895245,0.31042323,-0.70278376,0.9988257,-0.0032388084,-0.017993143,0.045549184,2.501028856905942,-0.17387573454999,10.158091618351483,5.23035921749397,-29,72,-19.64762836720025,14.556613707402931,0.7503658953161981,159.5111288931663,-161.61964256189688,-178.80122179611803,25.858410004839303,66.92499055534522,9.695802622664234,35.49121288425628,133.01623793686932,2.9060833881185517,28.345889775117882,177.32385730841503
799,2025-01-17 17:09:26.506608,0.9021169,-0.05652079,0.4123919,-0.113818824,-0.61421055,-0.1758251,0.28428203,-0.71485186,0.9988268,-0.002916948,-0.017995652,0.04554704,2.594185576445874,0.23972794621006802,10.037286131979018,5.229458332038444,-30,73,-19.64762836720025,14.556613707402931,0.7503658953161981,159.5111288931663,-161.61964256189688,-178.80122179611803,25.858410004839303,66.92499055534522,9.695802622664234,35.49121288425628,133.01623793686932,2.9060833881185517,28.345889775117882,177.32385730841503
800,2025-01-17 17:09:26.523275,0.924645,-0.059004858,0.35717547,-0.118351996,-0.61786675,-0.15648729,0.26215822,-0.7245854,0.99882394,-0.002879146,-0.018146591,0.04554972,2.331444847522596,-0.18295153301381398,10.182833762024304,5.2297818300576004,-31,74,-19.64762836720025,14.556613707402931,0.7503658953161981,159.5111288931663,-161.61964256189688,-178.80122179611803,25.858410004839303,66.92499055534522,9.695802622664234,35.49121288425628,133.01623793686932,2.9060833881185517,28.345889775117882,177.32385730841503
801,2025-01-17 17:09:26.539942,0.9413812,-0.06185601,0.3083373,-0.122208476,-0.61996377,-0.14077076,0.24445437,-0.7321675,0.9988245,-0.0026542763,-0.018154819,0.04554838,1.820888519944452,0.016897461284618824,10.047655817845733,5.229170060537769,-32,75,-19.64762836720025,14.556613707402931,0.7503658953161981,159.5111288931663,-161.61964256189688,-178.80122179611803,25.858410004839303,66.92499055534522,9.695802622664234,35.49121288425628,133.01623793686932,2.9060833881185517,28.345889775117882,177.32385730841503
802,2025-01-17 17:09:26.556609,0.9549539,-0.065485604,0.26069033,-0.12588471,-0.6212497,-0.12781374,0.23038886,-0.7379919,0.9988227,-0.002443361,-0.018312613,0.04553902,1.3736874912045058,-0.383478567335862,10.226461339433227,5.22775002278383,-33,75,-19.64762836720025,14.556613707402931,0.7503658953161981,159.5111288931663,-161.61964256189688,-178.80122179611803,25.858410004839303,66.92499055534522,9.695802622664234,35.49121288425628,133.01623793686932,2.9060833881185517,28.345889775117882,177.32385730841503
803,2025-01-17 17:09:26.573276,0.96252835,-0.06823379,0.22881986,-0.12867185,-0.62236184,-0.11651412,0.21836984,-0.74256533,0.9988235,-0.0020653307,-0.01828537,0.045547396,1.1296138399020599,-0.62296775555553,10.15800535550463,5.227911905243818,-34,76,-19.64762836720025,14.556613707402931,0.7503658953161981,159.5111288931663,-161.61964256189688,-178.80122179611803,25.858410004839303,66.92499055534522,9.695802622664234,35.49121288425628,133.01623793686932,2.9060833881185517,28.345889775117882,177.32385730841503
804,2025-01-17 17:09:26.589943,0.9613258,-0.06792591,0.23156181,-0.13285077,-0.62376195,-0.10606806,0.20746602,-0.7460744,0.99882126,-0.0016846918,-0.018434085,0.045550913,0.949481516965722,-0.15303472645594798,10.423417959234024,5.227596269543605,-34,76,-19.64762836720025,14.556613707402931,0.7503658953161981,159.5111288931663,-161.61964256189688,-178.80122179611803,25.858410004839303,66.92499055534522,9.695802622664234,35.49121288425628,133.01623793686932,2.9060833881185517,28.345889775117882,177.32385730841503
805,2025-01-17 17:09:26.606610,0.96064705,-0.06698887,0.23352408,-0.13478774,-0.62499994,-0.09895524,0.19962193,-0.74815273,0.9988229,-0.0011528153,-0.01836443,0.045562834,0.7675488864926759,0.21893662151190002,10.195616413461618,5.227818736589172,-34,76,-19.64762836720025,14.556613707402931,0.7503658953161981,159.5111288931663,-161.61964256189688,-178.80122179611803,25.858410004839303,66.92499055534522,9.695802622664234,35.49121288425628,133.01623793686932,2.9060833881185517,28.345889775117882,177.32385730841503
806,2025-01-17 17:09:26.623277,0.9606137,-0.06601695,0.23341696,-0.1356872,-0.6258769,-0.095641844,0.19541469,-0.74896073,0.9988204,-0.00044706278,-0.018459002,0.04559189,0.641925542547726,-0.364312330585248,10.036802755438337,5.229708500041315,-34,76,-19.64762836720025,14.556613707402931,0.7503658953161981,159.5111288931663,-161.61964256189688,-178.80122179611803,25.858410004839303,66.92499055534522,9.695802622664234,35.49121288425628,133.01623793686932,2.9060833881185517,28.345889775117882,177.32385730841503
807,2025-01-17 17:09:26.639944,0.960551,-0.06491246,0.23427574,-0.13518319,-0.62723845,-0.093697,0.19290122,-0.7487192,0.99881864,9.911135e-06,-0.018490052,0.045617133,0.554730199341138,-0.6023321798433781,10.070931574657877,5.231652537507922,-34,76,-19.64762836720025,14.556613707402931,0.7503658953161981,159.5111288931663,-161.61964256189688,-178.80122179611803,25.858410004839303,66.92499055534522,9.695802622664234,35.49121288425628,133.01623793686932,2.9060833881185517,28.345889775117882,177.32385730841503
808,2025-01-17 17:09:26.656611,0.9605795,-0.06379853,0.23535974,-0.13361835,-0.62932605,-0.09171269,0.19095697,-0.747711,0.9988167,0.00036344025,-0.018534422,0.045643598,0.44916871065695996,-0.343031149327284,9.777245820563273,5.233953314269924,-34,76,-19.64762836720025,14.556613707402931,0.7503658953161981,159.5111288931663,-161.61964256189688,-178.80122179611803,25.858410004839303,66.92499055534522,9.695802622664234,35.49121288425628,133.01623793686932,2.9060833881185517,28.345889775117882,177.32385730841503
809,2025-01-17 17:09:26.673278,0.9603332,-0.06273115,0.23817313,-0.13088146,-0.63235736,-0.089462124,0.18907937,-0.7459011,0.99881136,0.0005528582,-0.01872245,0.045678914,-0.21731765297007,0.221397087111966,9.927790911539917,5.237648948609366,-34,76,-19.64762836720025,14.556613707402931,0.7503658953161981,159.5111288931663,-161.61964256189688,-178.80122179611803,25.858410004839303,66.92499055534522,9.695802622664234,35.49121288425628,133.01623793686932,2.9060833881185517,28.345889775117882,177.32385730841503
810,2025-01-17 17:09:26.689945,0.9598482,-0.061821327,0.2423677,-0.12711695,-0.6358769,-0.088159926,0.18853617,-0.74319667,0.99880946,0.000769129,-0.018779228,0.045697063,-0.753068151024966,0.039964253601719804,10.003068516279198,5.239279795332415,-33,75,-19.64762836720025,14.556613707402931,0.7503658953161981,159.5111288931663,-161.61964256189688,-178.80122179611803,25.858410004839303,66.92499055534522,9.695802622664234,35.49121288425628,133.01623793686932,2.9060833881185517,28.345889775117882,177.32385730841503
811,2025-01-17 17:09:26.706612,0.96076477,-0.061760567,0.24134178,-0.12207493,-0.64024615,-0.08630943,0.18797818,-0.73979604,0.9988054,0.001129685,-0.018944299,0.045709044,-1.016031177532674,-0.010028669977888566,9.459002956145268,5.2399078172457925,-33,74,-19.64762836720025,14.556613707402931,0.7503658953161981,159.5111288931663,-161.61964256189688,-178.80122179611803,25.858410004839303,66.92499055534522,9.695802622664234,35.49121288425628,133.01623793686932,2.9060833881185517,28.345889775117882,177.32385730841503
812,2025-01-17 17:09:26.723279,0.961493,-0.061895445,0.24138345,-0.116043,-0.6452838,-0.084758446,0.18797249,-0.73558795,0.9988005,0.001409661,-0.01915574,0.045719653,-1.0408276845675,0.03432164647895971,9.438110899488725,5.240547326907313,-32,74,-19.64762836720025,14.556613707402931,0.7503658953161981,159.5111288931663,-161.61964256189688,-178.80122179611803,25.858410004839303,66.92499055534522,9.695802622664234,35.49121288425628,133.01623793686932,2.9060833881185517,28.345889775117882,177.32385730841503
813,2025-01-17 17:09:26.739946,0.96246195,-0.062448427,0.24066989,-0.108980596,-0.6508742,-0.08321359,0.18858197,-0.7306665,0.9987976,0.0016826587,-0.019252136,0.045734227,-1.129994771988726,-0.04213854618888825,9.564517648738374,5.241631006255782,-31,73,-19.64762836720025,14.556613707402931,0.7503658953161981,159.5111288931663,-161.61964256189688,-178.80122179611803,25.858410004839303,66.92499055534522,9.695802622664234,35.49121288425628,133.01623793686932,2.9060833881185517,28.345889775117882,177.32385730841503
814,2025-01-17 17:09:26.756613,0.9636327,-0.06339634,0.23921853,-0.10098955,-0.65730035,-0.08058341,0.1884564,-0.72522086,0.9987939,0.0018967688,-0.019351121,0.045764267,-1.505590172204484,0.809755717578504,9.615657228030768,5.244614822998445,-31,72,-19.64762836720025,14.556613707402931,0.7503658953161981,159.5111288931663,-161.61964256189688,-178.80122179611803,25.858410004839303,66.92499055534522,9.695802622664234,35.49121288425628,133.01623793686932,2.9060833881185517,28.345889775117882,177.32385730841503
815,2025-01-17 17:09:26.773280,0.96468747,-0.064612545,0.23820427,-0.092160106,-0.6640185,-0.0789689,0.18950884,-0.7189774,0.99878836,0.0018187314,-0.019569833,0.045795918,-1.412932007231286,0.057492606965648736,9.861234869322432,5.248442150889915,-29,71,-19.64762836720025,14.556613707402931,0.7503658953161981,159.5111288931663,-161.61964256189688,-178.80122179611803,25.858410004839303,66.92499055534522,9.695802622664234,35.49121288425628,133.01623793686932,2.9060833881185517,28.345889775117882,177.32385730841503
816,2025-01-17 17:09:26.789947,0.9657836,-0.06602694,0.23691294,-0.082499534,-0.67146206,-0.076503,0.18979459,-0.71222365,0.99878657,0.0014816877,-0.019669214,0.04580459,-1.9107483148233,-0.07261102371168,9.929751956379611,5.250207464453714,-28,70,-19.64762836720025,14.556613707402931,0.7503658953161981,159.5111288931663,-161.61964256189688,-178.80122179611803,25.858410004839303,66.92499055534522,9.695802622664234,35.49121288425628,133.01623793686932,2.9060833881185517,28.345889775117882,177.32385730841503
817,2025-01-17 17:09:26.806614,0.96675813,-0.067660876,0.23590338,-0.0719865,-0.67949784,-0.07381096,0.18963675,-0.70489097,0.9987838,0.0011867173,-0.019796252,0.045818448,-2.140956017535132,0.05079088803042503,9.765745168221498,5.252484989536322,-27,68,-19.64762836720025,14.556613707402931,0.7503658953161981,159.5111288931663,-161.61964256189688,-178.80122179611803,25.858410004839303,66.92499055534522,9.695802622664234,35.49121288425628,133.01623793686932,2.9060833881185517,28.345889775117882,177.32385730841503
818,2025-01-17 17:09:26.823281,0.96766436,-0.06952711,0.23480335,-0.060749948,-0.6876635,-0.07257189,0.19038257,-0.69685394,0.99878174,0.00045261532,-0.01993005,0.045820832,-2.428799858983476,-0.20317352246967002,9.462182451067836,5.254455686568899,-26,67,-19.64762836720025,14.556613707402931,0.7503658953161981,159.5111288931663,-161.61964256189688,-178.80122179611803,25.858410004839303,66.92499055534522,9.695802622664234,35.49121288425628,133.01623793686932,2.9060833881185517,28.345889775117882,177.32385730841503
819,2025-01-17 17:09:26.839948,0.9685408,-0.07158479,0.23336619,-0.048745185,-0.69617826,-0.07196422,0.19112244,-0.6882062,0.9987782,-0.00021927617,-0.020095672,0.045823276,-2.526680656393764,0.124158137368098,9.367706778690222,5.25632316796676,-24,66,-19.64762836720025,14.556613707402931,0.7503658953161981,159.5111288931663,-161.61964256189688,-178.80122179611803,25.858410004839303,66.92499055534522,9.695802622664234,35.49121288425628,133.01623793686932,2.9060833881185517,28.345889775117882,177.32385730841503
820,2025-01-17 17:09:26.856615,0.9692918,-0.073806,0.23186636,-0.035990924,-0.704945,-0.071394,0.19202149,-0.6790302,0.9987702,-0.00078189,-0.02039279,0.045863032,-2.6555437536106683,-0.21036061992183,9.708935393955624,5.262296719408463,-23,64,-19.64762836720025,14.556613707402931,0.7503658953161981,159.5111288931663,-161.61964256189688,-178.80122179611803,25.858410004839303,66.92499055534522,9.695802622664234,35.49121288425628,133.01623793686932,2.9060833881185517,28.345889775117882,177.32385730841503
821,2025-01-17 17:09:26.873282,0.9698781,-0.07620847,0.23033053,-0.022544086,-0.71420884,-0.07007384,0.19194615,-0.6694405,0.9987653,-0.001309108,-0.020570112,0.04587996,-2.75264342079159,-0.636949698549054,9.589867770560346,5.265548142274896,-21,63,-19.64762836720025,14.556613707402931,0.7503658953161981,159.5111288931663,-161.61964256189688,-178.80122179611803,25.858410004839303,66.92499055534522,9.695802622664234,35.49121288425628,133.01623793686932,2.9060833881185517,28.345889775117882,177.32385730841503
822,2025-01-17 17:09:26.889949,0.970292,-0.07875857,0.22867125,-0.008458495,-0.72364306,-0.068991154,0.19198148,-0.65933484,0.99875885,-0.0017953683,-0.020739209,0.045927465,-2.910650910966288,-0.445394473303518,9.947531991150587,5.272229092378786,-20,61,-19.64762836720025,14.556613707402931,0.7503658953161981,159.5111288931663,-161.61964256189688,-178.80122179611803,25.858410004839303,66.92499055534522,9.695802622664234,35.49121288425628,133.01623793686932,2.9060833881185517,28.345889775117882,177.32385730841503
823,2025-01-17 17:09:26.906616,0.97049874,-0.08135572,0.22694957,0.006237507,-0.7332826,-0.06757416,0.19155885,-0.64887124,0.99874485,-0.0029564928,-0.021174723,0.04597339,-3.05500434541323,-0.09221025797994001,10.058748835047114,5.2805275274827554,-18,59,-19.64762836720025,14.556613707402931,0.7503658953161981,159.5111288931663,-161.61964256189688,-178.80122179611803,25.858410004839303,66.92499055534522,9.695802622664234,35.49121288425628,133.01623793686932,2.9060833881185517,28.345889775117882,177.32385730841503
824,2025-01-17 17:09:26.923283,0.97047615,-0.084017426,0.2251453,0.021405846,-0.742915,-0.06637359,0.19133474,-0.6380138,0.99874014,-0.0038551125,-0.021234697,0.045981616,-3.045455169756726,-0.471466958481936,9.51171113434617,5.283675169832505,-16,58,-19.64762836720025,14.556613707402931,0.7503658953161981,159.5111288931663,-161.61964256189688,-178.80122179611803,25.858410004839303,66.92499055534522,9.695802622664234,35.49121288425628,133.01623793686932,2.9060833881185517,28.345889775117882,177.32385730841503
825,2025-01-17 17:09:26.939950,0.9703131,-0.08691105,0.22275057,0.036778003,-0.7525875,-0.06529258,0.19110195,-0.62675947,0.9987366,-0.0045462423,-0.021221036,0.04599935,-2.5647042676519503,-1.328373046993356,9.44136319407822,5.287360315712328,-15,56,-19.64762836720025,14.556613707402931,0.7503658953161981,159.5111288931663,-161.61964256189688,-178.80122179611803,25.858410004839303,66.92499055534522,9.695802622664234,35.49121288425628,133.01623793686932,2.9060833881185517,28.345889775117882,177.32385730841503
826,2025-01-17 17:09:26.956617,0.9698576,-0.089827314,0.22041503,0.052500725,-0.76232076,-0.06459713,0.19119729,-0.61492795,0.9987258,-0.004977128,-0.021557521,0.046032846,-3.156057621852396,-1.3443285387405721,10.033852140770424,5.292544125021123,-13,54,-19.64762836720025,14.556613707402931,0.7503658953161981,159.5111288931663,-161.61964256189688,-178.80122179611803,25.858410004839303,66.92499055534522,9.695802622664234,35.49121288425628,133.01623793686932,2.9060833881185517,28.345889775117882,177.32385730841503
827,2025-01-17 17:09:26.973284,0.96894217,-0.09281677,0.21882525,0.06843275,-0.771967,-0.06371016,0.1910262,-0.60292244,0.99871933,-0.005175832,-0.021634802,0.04611692,-2.7624936883501197,-0.373241470904916,9.211219654208076,5.302750278627335,-11,53,-19.64762836720025,14.556613707402931,0.7503658953161981,159.5111288931663,-161.61964256189688,-178.80122179611803,25.858410004839303,66.92499055534522,9.695802622664234,35.49121288425628,133.01623793686932,2.9060833881185517,28.345889775117882,177.32385730841503
828,2025-01-17 17:09:26.989951,0.96773076,-0.095959395,0.2172611,0.08436927,-0.7816737,-0.06228966,0.19035192,-0.5906529,0.99871266,-0.005312608,-0.021728488,0.046201825,-1.92148916762076,-0.01924498921428132,10.181613657748164,5.312919600160479,-9,51,-19.64762836720025,14.556613707402931,0.7503658953161981,159.5111288931663,-161.61964256189688,-178.80122179611803,25.858410004839303,66.92499055534522,9.695802622664234,35.49121288425628,133.01623793686932,2.9060833881185517,28.345889775117882,177.32385730841503
829,2025-01-17 17:09:27.006618,0.9664482,-0.09891831,0.2147337,0.10056916,-0.79137677,-0.060959123,0.19008909,-0.5778161,0.99871397,-0.005036099,-0.021647416,0.046241283,-1.97925797597475,-1.2951732908676301,9.989361572276033,5.316695953882068,-7,49,-19.64762836720025,14.556613707402931,0.7503658953161981,159.5111288931663,-161.61964256189688,-178.80122179611803,25.858410004839303,66.92499055534522,9.695802622664234,35.49121288425628,133.01623793686932,2.9060833881185517,28.345889775117882,177.32385730841503
830,2025-01-17 17:09:27.023285,0.9647373,-0.10172425,0.21282996,0.11691427,-0.8009197,-0.05954168,0.19015388,-0.56464386,0.9987118,-0.004684645,-0.021737633,0.046282828,-2.1801672017291582,-0.691339584621288,9.746396790649417,5.32068455217878,-5,47,-19.64762836720025,14.556613707402931,0.7503658953161981,159.5111288931663,-161.61964256189688,-178.80122179611803,25.858410004839303,66.92499055534522,9.695802622664234,35.49121288425628,133.01623793686932,2.9060833881185517,28.345889775117882,177.32385730841503
831,2025-01-17 17:09:27.039952,0.9628712,-0.10439405,0.21019855,0.13352585,-0.8103931,-0.057570666,0.18996157,-0.5512365,0.9987042,-0.0043914784,-0.02194304,0.046378404,-2.9083710252970016,0.188424804417834,9.849832138977138,5.331109807059606,-3,45,-19.64762836720025,14.556613707402931,0.7503658953161981,159.5111288931663,-161.61964256189688,-178.80122179611803,25.858410004839303,66.92499055534522,9.695802622664234,35.49121288425628,133.01623793686932,2.9060833881185517,28.345889775117882,177.32385730841503
832,2025-01-17 17:09:27.056619,0.96068585,-0.10699667,0.20750776,0.1503542,-0.8197569,-0.055568364,0.190115,-0.5373691,0.99870217,-0.0038903533,-0.021967947,0.046453774,-3.1157472970952163,-0.508329647083992,9.663562009554607,5.338537069421961,-1,43,-19.64762836720025,14.556613707402931,0.7503658953161981,159.5111288931663,-161.61964256189688,-178.80122179611803,25.858410004839303,66.92499055534522,9.695802622664234,35.49121288425628,133.01623793686932,2.9060833881185517,28.345889775117882,177.32385730841503
833,2025-01-17 17:09:27.073286,0.9581313,-0.10959575,0.2048697,0.16743019,-0.8290423,-0.053051896,0.19010842,-0.5231938,0.9986988,-0.0031993613,-0.022078685,0.046527803,-3.3968612249719983,-0.35022189655522795,9.727147547210395,5.345393875112513,0,41,-19.64762836720025,14.556613707402931,0.7503658953161981,159.5111288931663,-161.61964256189688,-178.80122179611803,25.858410004839303,66.92499055534522,9.695802622664234,35.49121288425628,133.01623793686932,2.9060833881185517,28.345889775117882,177.32385730841503
834,2025-01-17 17:09:27.089953,0.9553901,-0.11224878,0.20137562,0.18468714,-0.83816445,-0.05040253,0.19027528,-0.5086587,0.99869615,-0.0026268754,-0.02212074,0.046600223,-4.044279404699112,0.692710841811498,10.359763197917509,5.352300381059262,2,39,-19.64762836720025,14.556613707402931,0.7503658953161981,159.5111288931663,-161.61964256189688,-178.80122179611803,25.858410004839303,66.92499055534522,9.695802622664234,35.49121288425628,133.01623793686932,2.9060833881185517,28.345889775117882,177.32385730841503
835,2025-01-17 17:09:27.106620,0.95206463,-0.11526203,0.1987366,0.20204648,-0.8470264,-0.048170887,0.19101372,-0.49369854,0.99869305,-0.0021779342,-0.022133568,0.04668358,-4.176985583312376,-0.365528014272684,9.919049188447284,5.360748857093094,4,37,-19.64762836720025,14.556613707402931,0.7503658953161981,159.5111288931663,-161.61964256189688,-178.80122179611803,25.858410004839303,66.92499055534522,9.695802622664234,35.49121288425628,133.01623793686932,2.9060833881185517,28.345889775117882,177.32385730841503
